,model,brand,price,sold_year,seller,km_driven,owner_type,fuel,gear,mileage,engine,power,torque,wheel_size,seats,_,_,_
0,2015Mahindra XUV500 W8 2WD,Mahindra,10.58 Lakh*,2015,Dealer,"47,000 kms",First Owner,Diesel,Manual,Mileage16.0 kmpl,Engine2179 CC,Max Power140 bhp,Torque330Nm@ 1600-2800rpm,Wheel SizeN/A,Seats7,,,
1,2015Mahindra XUV500 W8 2WD,Mahindra,9.5 Lakh*,2015,Dealer,"53,107 kms",Second Owner,Diesel,Manual,Mileage16.0 kmpl,Engine2179 CC,Max Power140 bhp,Torque330Nm@ 1600-2800rpm,Wheel SizeN/A,Seats7,,,
2,2014Mahindra XUV500 W8 2WD,Mahindra,9.5 Lakh*,2014,Dealer,"40,000 kms",First Owner,Diesel,Manual,Mileage15.1 kmpl,Engine2179 CC,Max Power140 bhp,Torque330Nm@ 1600-2800rpm,Wheel SizeN/A,Seats7,,,
3,2016Mahindra TUV 300 T6,Mahindra,7 Lakh*,2016,Dealer,"46,000 kms",First Owner,Diesel,Manual,Mileage18.49 kmpl,Engine1493 CC,Max Power100 bhp,Torque240Nm@ 1600-2800rpm,Wheel Size15,Seats7,,,
4,2013Mahindra Bolero 2011-2019 ZLX,Mahindra,5.75 Lakh*,2013,Dealer,"75,000 kms",First Owner,Diesel,Manual,Mileage15.96 kmpl,Engine2523 CC,Max Power62.1 bhp,Torque195Nm@ 1400-2200rpm,Wheel Size15,Seats7,,,
5,2019Mahindra Thar 4X4,Mahindra,10.25 Lakh*,2019,Dealer,"14,000 kms",First Owner,Diesel,Manual,Variant -  4X4,Mileage16.55 kmpl,Engine2498 CC,Max Power105 bhp,Torque247Nm@ 1800-2000rpm,Wheel Size16,Seats7,,
6,2016Mahindra XUV500 AT W10 AWD,Mahindra,15.45 Lakh*,2016,Dealer,"22,283 kms",First Owner,Diesel,Automatic,Mileage16.0 kmpl,Engine2179 CC,Max Power140 bhp,Torque330Nm@ 1600-2800rpm,Wheel SizeN/A,Seats7,,,
7,2016Mahindra KUV 100 mFALCON D75 K8 5str,Mahindra,5.25 Lakh*,2016,Dealer,"34,000 kms",First Owner,Diesel,Manual,Mileage25.32 kmpl,Engine1198 CC,Max Power77 bhp,Torque190Nm@ 1750-2250rpm,Wheel SizeN/A,Seats5,,,
8,2017Mahindra XUV500 AT W6 1.99 mHawk,Mahindra,12.75 Lakh*,2017,Dealer,"44,000 kms",First Owner,Diesel,Automatic,Mileage16.0 kmpl,Engine1997 CC,Max Power140 bhp,Torque320Nm@ 1600-2800rpm,Wheel Size17,Seats7,,,
9,2015Mahindra TUV 300 T6 Plus,Mahindra,5.9 Lakh*,2015,Dealer,"39,000 kms",First Owner,Diesel,Manual,Variant -  T6 Plus,Mileage18.49 kmpl,Engine1493 CC,Max Power100 bhp,Torque240Nm@ 1600-2800rpm,Wheel Size15,Seats7,,
10,2011Mahindra Scorpio SLE BSIV,Mahindra,5.65 Lakh*,2011,Dealer,"60,000 kms",First Owner,Diesel,Manual,Mileage12.05 kmpl,Engine2179 CC,Max Power120 bhp,Torque290Nm@ 1800-2800rpm,Wheel SizeN/A,Seats8,,,
11,2014Mahindra XUV500 W8 2WD,Mahindra,8.9 Lakh*,2014,Dealer,"80,000 kms",First Owner,Diesel,Manual,Variant -  W8 2WD,Mileage16.0 kmpl,Engine2179 CC,Max Power140 bhp,Torque330Nm@ 1600-2800rpm,Wheel SizeN/A,Seats7,,
12,2016Mahindra TUV 300 T8 Plus AMT,Mahindra,8.55 Lakh*,2016,Dealer,"30,407 kms",First Owner,Diesel,Automatic,Mileage18.49 kmpl,Engine1493 CC,Max Powernull bhp,TorqueN/A,,,,,
13,2018Mahindra KUV 100 mFALCON D75 K8 Dual Tone,Mahindra,5.85 Lakh*,2018,Dealer,"9,000 kms",First Owner,Diesel,Manual,Mileage25.32 kmpl,Engine1198 CC,Max Power77 bhp,Torque190Nm@ 1750-2250rpm,Wheel SizeN/A,Seats6,,,
14,2016Mahindra XUV500 AT W10 1.99 mHawk,Mahindra,12.75 Lakh*,2016,Dealer,"88,000 kms",First Owner,Diesel,Automatic,Mileage16.0 kmpl,Engine1997 CC,Max Power140 bhp,Torque320Nm@ 1600-2800rpm,Wheel SizeN/A,Seats7,,,
15,2016Mahindra XUV500 AT W8 FWD,Mahindra,14.15 Lakh*,2016,Dealer,"37,000 kms",First Owner,Diesel,Automatic,Mileage16.0 kmpl,Engine2179 CC,Max Power140 bhp,Torque330Nm@ 1600-2800rpm,Wheel SizeN/A,Seats7,,,
16,2016Mahindra KUV 100 mFALCON D75 K6 Plus,Mahindra,4.95 Lakh*,2016,Dealer,"46,000 kms",First Owner,Diesel,Manual,Mileage25.32 kmpl,Engine1198 CC,Max Power77 bhp,Torque190Nm@ 1750-2250rpm,Wheel Size14,Seats6,,,
17,2013Mahindra XUV500 W8 2WD,Mahindra,8.25 Lakh*,2013,Dealer,"1,00,000 kms",First Owner,Diesel,Manual,Mileage16.0 kmpl,Engine2179 CC,Max Power140 bhp,Torque330Nm@ 1600-2800rpm,Wheel SizeN/A,Seats7,,,
18,2016Mahindra Scorpio S10 8 Seater,Mahindra,11.5 Lakh*,2016,Dealer,"58,676 kms",First Owner,Diesel,Manual,Mileage15.4 kmpl,Engine2179 CC,Max Power120 bhp,Torque280Nm@ 1800-2800rpm,Wheel SizeN/A,Seats8,,,
19,2012Mahindra XUV500 W8 2WD,Mahindra,8.95 Lakh*,2012,Dealer,"59,116 kms",First Owner,Diesel,Manual,Mileage15.1 kmpl,Engine2179 CC,Max Power140 bhp,Torque330Nm@ 1600-2800rpm,Wheel SizeN/A,Seats7,,,
20,2016Mahindra KUV 100 D75 K8,Mahindra,5.48 Lakh*,2016,Dealer,"24,000 kms",First Owner,Diesel,Manual,Mileage25.32 kmpl,Engine1198 CC,Max Power77 bhp,Torque190Nm@ 1750-2250rpm,Wheel SizeN/A,Seats6,,,
21,2016Mahindra XUV500 W10 2WD,Mahindra,11 Lakh*,2016,Individual,"1,65,000 kms",First Owner,Diesel,Manual,Mileage16.0 kmpl,Engine2179 CC,Max Power140 bhp,Torque330Nm@ 1600-2800rpm,Wheel SizeN/A,Seats7,,,
22,2012Mahindra Scorpio VLX 2WD AIRBAG AT BSIV,Mahindra,6.75 Lakh*,2012,Dealer,"1,28,000 kms",First Owner,Diesel,Manual,Mileage12.05 kmpl,Engine2179 CC,Max Power120 bhp,Torque290Nm@ 1800-2800rpm,Wheel SizeN/A,Seats8,,,
23,2018Mahindra Marazzo M8,Mahindra,12.9 Lakh*,2018,Dealer,"32,446 kms",First Owner,Diesel,Manual,Mileage17.3 kmpl,Engine1497 CC,Max Power121 bhp,Torque300Nm@ 1750-2500rpm,Wheel SizeN/A,Seats7,,,
24,2012Mahindra Xylo E8 ABS BS IV,Mahindra,5.75 Lakh*,2012,Dealer,"45,000 kms",First Owner,Diesel,Manual,Mileage11.68 kmpl,Engine2498 CC,Max Power112 bhp,Torque260Nm@ 1800-2200rpm,Wheel SizeN/A,Seats8,,,
25,2012Mahindra XUV500 W8 2WD,Mahindra,7.95 Lakh*,2012,Dealer,"85,000 kms",Second Owner,Diesel,Manual,Mileage15.1 kmpl,Engine2179 CC,Max Power140 bhp,Torque330Nm@ 1600-2800rpm,Wheel SizeN/A,Seats7,,,
26,2008Mahindra Scorpio SLX 2.6 Turbo 8 Str,Mahindra,3.85 Lakh*,2008,Dealer,"1,04,248 kms",Second Owner,Diesel,Manual,Mileage10.5 kmpl,Engine2179 CC,Max Power120 bhp,Torque290Nm@ 1800-2800rpm,Wheel SizeN/A,Seats7,,,
27,2010Mahindra Scorpio 2009-2014 VLX 2WD 7S BSIV,Mahindra,5.45 Lakh*,2010,Dealer,"95,000 kms",Second Owner,Diesel,Manual,Mileage12.05 kmpl,Engine2179 CC,Max Power120 bhp,Torque290Nm@ 1800-2800rpm,Wheel SizeN/A,Seats7,,,
28,2015Mahindra XUV500 W10 AWD,Mahindra,14 Lakh*,2015,Dealer,"36,000 kms",Second Owner,Diesel,Manual,Mileage16.0 kmpl,Engine2179 CC,Max Power140 bhp,Torque330Nm@ 1600-2800rpm,Wheel SizeN/A,Seats7,,,
29,2005Mahindra Scorpio 2.6 CRDe,Mahindra,2.5 Lakh*,2005,Individual,"1,20,000 kms",Fourth & Above Owner,Diesel,Manual,Mileage10.5 kmpl,Engine2179 CC,Max Power120 bhp,Torque290Nm@ 1800-2800rpm,Wheel SizeN/A,Seats8,,,
30,2012Mahindra Verito 1.5 D6 BSIV,Mahindra,3.8 Lakh*,2012,Dealer,"73,000 kms",First Owner,Diesel,Manual,Mileage21.03 kmpl,Engine1461 CC,Max Power65 bhp,Torque160Nm@ 2000rpm,Wheel SizeN/A,Seats5,,,
31,2015Mahindra Scorpio 1.99 S4 Plus,Mahindra,8.5 Lakh*,2015,Dealer,"71,000 kms",First Owner,Diesel,Manual,Mileage15.4 kmpl,Engine1997 CC,Max Power120 bhp,Torque280Nm@ 1800-2800rpm,Wheel Size17,Seats7,,,
32,2014Mahindra XUV500 W8 2WD,Mahindra,9.75 Lakh*,2014,Dealer,"1,24,000 kms",First Owner,Diesel,Manual,Mileage15.1 kmpl,Engine2179 CC,Max Power140 bhp,Torque330Nm@ 1600-2800rpm,Wheel SizeN/A,Seats7,,,
33,2012Mahindra XUV500 AT W8 FWD,Mahindra,6.85 Lakh*,2012,Dealer,"1,10,000 kms",Second Owner,Diesel,Automatic,Mileage16.0 kmpl,Engine2179 CC,Max Power140 bhp,Torque330Nm@ 1600-2800rpm,Wheel SizeN/A,Seats7,,,
34,2012Mahindra Scorpio VLX 2WD BSIV,Mahindra,7.73 Lakh*,2012,Dealer,"87,000 kms",First Owner,Diesel,Manual,Mileage12.05 kmpl,Engine2179 CC,Max Power120 bhp,Torque290Nm@ 1800-2800rpm,Wheel SizeN/A,Seats8,,,
35,2010Mahindra Scorpio VLX,Mahindra,5.35 Lakh*,2010,Dealer,"1,06,000 kms",Second Owner,Diesel,Manual,Mileage12.05 kmpl,Engine2179 CC,Max Power120 bhp,Torque290Nm@ 1800-2800rpm,Wheel SizeN/A,Seats8,,,
36,2012Mahindra XUV500 W8 2WD,Mahindra,8.5 Lakh*,2012,Dealer,"76,844 kms",Second Owner,Diesel,Manual,Mileage16.0 kmpl,Engine2179 CC,Max Power140 bhp,Torque330Nm@ 1600-2800rpm,Wheel SizeN/A,Seats7,,,
37,2012Mahindra Scorpio 2009-2014 SLE 7S BSIII,Mahindra,5.25 Lakh*,2012,Dealer,"1,74,257 kms",First Owner,Diesel,Manual,Mileage12.05 kmpl,Engine2179 CC,Max Power120 bhp,Torque290Nm@ 1800-2800rpm,Wheel SizeN/A,Seats7,,,
38,2009Mahindra Xylo E8 ABS Airbag,Mahindra,4 Lakh*,2009,Dealer,"78,000 kms",Second Owner,Diesel,Manual,Mileage14.0 kmpl,Engine2498 CC,Max Power112 bhp,Torque260 Nm at 1800-2200 rpm,Wheel SizeN/A,Seats7,,,
39,2015Mahindra Supro VX 8 Str BSIII,Mahindra,3 Lakh*,2015,Individual,"70,000 kms",First Owner,Diesel,Manual,Mileage23.5 kmpl,Engine909 CC,Max Power45 bhp,Torque98Nm@ 1600-3000rpm,Wheel Size13,Seats8,,,
40,2012Mahindra XUV500 W8 2WD,Mahindra,6.3 Lakh*,2012,Individual,"1,74,000 kms",First Owner,Diesel,Manual,Mileage15.1 kmpl,Engine2179 CC,Max Power140 bhp,Torque330Nm@ 1600-2800rpm,Wheel SizeN/A,Seats7,,,
41,2012Mahindra XUV500 W8 2WD,Mahindra,6 Lakh*,2012,Individual,"1,20,000 kms",Third Owner,Diesel,Manual,Mileage15.1 kmpl,Engine2179 CC,Max Power140 bhp,Torque330Nm@ 1600-2800rpm,Wheel SizeN/A,Seats7,,,
42,2015Mahindra Scorpio 1.99 S10,Mahindra,10.95 Lakh*,2015,Dealer,"28,675 kms",First Owner,Diesel,Manual,Mileage15.4 kmpl,Engine1997 CC,Max Power120 bhp,Torque280Nm@ 1800-2800rpm,Wheel SizeN/A,Seats7,,,
43,2014Mahindra e2o T2,Mahindra,2.5 Lakh*,2014,Individual,"15,000 kms",First Owner,Electric,Automatic,Mileage120.0 km/hr,Engine0 CC,Max Power25.5 bhp,Torque53Nm@ 0-3400rpm,Wheel Size13,Seats5,,,
44,2016Mahindra XUV500 AT W10 AWD,Mahindra,12.95 Lakh*,2016,Dealer,"83,000 kms",First Owner,Diesel,Automatic,Mileage16.0 kmpl,Engine2179 CC,Max Power140 bhp,Torque330Nm@ 1600-2800rpm,Wheel SizeN/A,Seats7,,,
45,2014Mahindra Bolero 2011-2019 ZLX,Mahindra,5.5 Lakh*,2014,Individual,"70,000 kms",Second Owner,Diesel,Manual,Mileage15.96 kmpl,Engine2523 CC,Max Power62.1 bhp,Torque195Nm@ 1400-2200rpm,Wheel Size15,Seats7,,,
46,2017Mahindra XUV500 W10 AWD,Mahindra,16 Lakh*,2017,Individual,"24,000 kms",First Owner,Diesel,Manual,Mileage16.0 kmpl,Engine2179 CC,Max Power140 bhp,Torque330Nm@ 1600-2800rpm,Wheel SizeN/A,Seats7,,,
47,2018Mahindra KUV 100 D75 K8,Mahindra,5.5 Lakh*,2018,Individual,"13,000 kms",First Owner,Diesel,Manual,Mileage25.32 kmpl,Engine1198 CC,Max Power77 bhp,Torque190Nm@ 1750-2250rpm,Wheel SizeN/A,Seats6,,,
48,2015Mahindra TUV 300 T8 AMT,Mahindra,7.75 Lakh*,2015,Individual,"35,000 kms",Second Owner,Diesel,Automatic,Mileage18.49 kmpl,Engine1493 CC,Max Power100 bhp,Torque230Nm@ 1500-2250rpm,Wheel SizeN/A,Seats7,,,
49,2017Mahindra TUV 300 T8 AMT,Mahindra,7.5 Lakh*,2017,Individual,"25,000 kms",First Owner,Diesel,Automatic,Mileage18.49 kmpl,Engine1493 CC,Max Power100 bhp,Torque230Nm@ 1500-2250rpm,Wheel SizeN/A,Seats7,,,
50,2016Mahindra XUV500 AT W10 1.99 mHawk,Mahindra,12.9 Lakh*,2016,Individual,"55,000 kms",Third Owner,Diesel,Automatic,Mileage16.0 kmpl,Engine1997 CC,Max Power140 bhp,Torque320Nm@ 1600-2800rpm,Wheel SizeN/A,Seats7,,,
51,2013Mahindra Ingenio CRDe,Mahindra,2.2 Lakh*,2013,Individual,"60,000 kms",Second Owner,Diesel,Manual,Mileage0.0 kmpl,Engine2489 CC,Max Powernull bhp,TorqueN/A,Wheel SizeN/A,Seats2,,,
52,2017Mahindra TUV 300 T10 Dual Tone,Mahindra,9.25 Lakh*,2017,Individual,"31,200 kms",First Owner,Diesel,Manual,Mileage18.49 kmpl,Engine1493 CC,Max Power100 bhp,Torque240Nm@ 1600-2800rpm,Wheel SizeN/A,Seats7,,,
53,2018Tata Nexon 1.5 Revotorq XZA Plus,Tata,10.75 Lakh*,2018,Dealer,"22,000 kms",First Owner,Diesel,Automatic,Mileage21.5 kmpl,Engine1497 CC,Max Power108.5 bhp,Torque260Nm@ 1500-2750rpm,Wheel SizeN/A,Seats5,,,
54,2015Tata Nano Twist XT,Tata,1.7 Lakh*,2015,Dealer,"17,000 kms",First Owner,Petrol,Manual,Mileage25.4 kmpl,Engine624 CC,Max Power37.5 bhp,Torque51Nm@ 4000+/-500rpm,Wheel Size12,Seats4,,,
55,2016Tata Tiago 1.2 Revotron XZ,Tata,4.7 Lakh*,2016,Dealer,"58,666 kms",First Owner,Petrol,Manual,Mileage23.84 kmpl,Engine1199 CC,Max Power84 bhp,Torque114Nm@ 3500rpm,Wheel SizeN/A,Seats5,,,
56,2018Tata Tiago 1.2 Revotron XZ,Tata,5.45 Lakh*,2018,Dealer,"12,321 kms",First Owner,Petrol,Manual,Mileage23.84 kmpl,Engine1199 CC,Max Power84 bhp,Torque114Nm@ 3500rpm,Wheel SizeN/A,Seats5,,,
57,2018Tata Nexon KRAZ Plus,Tata,8.95 Lakh*,2018,Dealer,"13,474 kms",First Owner,Petrol,Manual,Mileage17.0 kmpl,Engine1198 CC,Max Power108.5 bhp,Torque170Nm@ 1750-4000rpm,Wheel Size16,Seats5,,,
58,2016Tata Nano XT,Tata,2.13 Lakh*,2016,Dealer,"35,000 kms",First Owner,Petrol,Manual,Mileage23.9 kmpl,Engine624 CC,Max Power37.48 bhp,Torque51Nm@ 4000rpm,Wheel Size12,Seats4,,,
59,2017Tata Zest Revotron 1.2T XE,Tata,4 Lakh*,2017,Individual,"1,25,000 kms",Second Owner,Petrol,Manual,Mileage17.57 kmpl,Engine1193 CC,Max Power88.7 bhp,Torque140Nm@ 1500-4000rpm,Wheel Size14,Seats5,,,
60,2018Tata Nexon KRAZ,Tata,7.5 Lakh*,2018,Dealer,"45,135 kms",First Owner,Petrol,Manual,Mileage17.0 kmpl,Engine1198 CC,Max Power108.5 bhp,Torque170Nm@ 1750-4000rpm,Wheel Size16,Seats5,,,
61,2015Tata Indigo CS LX (TDI) BS-III,Tata,4 Lakh*,2015,Individual,"60,000 kms",First Owner,Diesel,Manual,Mileage19.09 kmpl,Engine1405 CC,Max Power69.01 bhp,Torque135Nm@ 2500rpm,Wheel Size14,Seats5,,,
62,2015Tata Indica V2 DLS BSIII,Tata,1.4 Lakh*,2015,Individual,"1,36,000 kms",Third Owner,Diesel,Manual,Mileage17.88 kmpl,Engine1405 CC,Max Power48.21 bhp,Torque85Nm@ 2500rpm,Wheel Size13,Seats5,,,
63,2016Tata Hexa XTA,Tata,6.29 Lakh*,2016,Individual,"60,000 kms",Third Owner,Diesel,Automatic,Variant -  XTA,Mileage17.6 kmpl,Engine2179 CC,Max Power153.86 bhp,Torque400Nm@ 1750-2500rpm,Wheel SizeN/A,Seats7,,
64,2015Tata Nano Twist XT,Tata,1.85 Lakh*,2015,Individual,"30,000 kms",First Owner,Petrol,Manual,Mileage25.4 kmpl,Engine624 CC,Max Power37.5 bhp,Torque51Nm@ 4000+/-500rpm,Wheel Size12,Seats4,,,
65,2011Tata Nano Cx BSIII,Tata,"80,000*",2011,Dealer,"24,000 kms",First Owner,Petrol,Manual,Variant -  Cx BSIII,Mileage25.4 kmpl,Engine624 CC,Max Power38 bhp,Torque51Nm@ 4000+/-500rpm,Wheel Size12 x 4 B,Seats4,,
66,2013Tata Safari Storme EX,Tata,5.5 Lakh*,2013,Individual,"110,000 kms",Second Owner,Diesel,Manual,Mileage14.0 kmpl,Engine2179 CC,Max Power138.1 bhp,Torque320Nm@ 1700-2700rpm,Wheel Size16,Seats7,,,
67,2014Tata Indica V2 DLS BSIII,Tata,1.3 Lakh*,2014,Individual,"1,80,000 kms",Second Owner,Diesel,Manual,Mileage17.88 kmpl,Engine1405 CC,Max Power48.21 bhp,Torque85Nm@ 2500rpm,Wheel Size13,Seats5,,,
68,2014Tata Indica Vista TDI LS,Tata,2.5 Lakh*,2014,Individual,"1,00,000 kms",First Owner,Diesel,Manual,Variant -  TDI LS,Mileage19.1 kmpl,Engine1405 CC,Max Power70 bhp,Torque135.4Nm@ 2500rpm,Wheel Size14,Seats5,,
69,2016Tata Safari Storme EX,Tata,10.5 Lakh*,2016,Individual,"25,000 kms",First Owner,Diesel,Manual,Mileage14.1 kmpl,Engine2179 CC,Max Power147.94 bhp,Torque320Nm@ 1500-3000rpm,Wheel Size16,Seats7,,,
70,2010Tata Indigo LX Dicor,Tata,2.1 Lakh*,2010,Dealer,"51,000 kms",First Owner,Diesel,Manual,Mileage17.1 kmpl,Engine1396 CC,Max Power70 bhp,"Torque14.1@ 1,800-3,000(kgm@ rpm)",Wheel SizeN/A,Seats5,,,
71,2012Tata Sumo EX,Tata,2 Lakh*,2012,Individual,"2,00,000 kms",First Owner,Diesel,Manual,Mileage15.3 kmpl,Engine2956 CC,Max Power83.8 bhp,Torque250Nm@ 1000-2000rpm,Wheel Size15,Seats7,,,
72,2010Tata Indigo LX Dicor,Tata,2.1 Lakh*,2010,Dealer,"51,000 kms",First Owner,Diesel,Manual,Mileage17.1 kmpl,Engine1396 CC,Max Power70 bhp,"Torque14.1@ 1,800-3,000(kgm@ rpm)",Wheel SizeN/A,Seats5,,,
73,2012Tata Sumo EX,Tata,2 Lakh*,2012,Individual,"2,00,000 kms",First Owner,Diesel,Manual,Mileage15.3 kmpl,Engine2956 CC,Max Power83.8 bhp,Torque250Nm@ 1000-2000rpm,Wheel Size15,Seats7,,,
74,2018Tata Tiago 2019-2020 XZA,Tata,5.75 Lakh*,2018,Individual,"18,020 kms",First Owner,Petrol,Automatic,Mileage23.84 kmpl,Engine1199 CC,Max Power83.83 bhp,Torque114Nm@ 3500rpm,Wheel Size14,Seats5,,,
75,2013Tata Nano LX,Tata,1.1 Lakh*,2013,Dealer,"61,000 kms",Second Owner,Petrol,Manual,Variant -  LX,Mileage25.4 kmpl,Engine624 CC,Max Power37.48 bhp,Torque51Nm@ 4000+/-500rpm,Wheel Size12,Seats4,,
76,2011Tata Manza Aqua Quadrajet BS IV,Tata,2.6 Lakh*,2011,Individual,"80,000 kms",Third Owner,Diesel,Manual,Mileage21.12 kmpl,Engine1248 CC,Max Power88.8 bhp,Torque200Nm@ 1750-3000rpm,Wheel Size5.5J x 15,Seats5,,,
77,2019Tata Tiago NRG Petrol,Tata,5.2 Lakh*,2019,Individual,"10,000 kms",First Owner,Petrol,Manual,Mileage24.0 kmpl,Engine1199 CC,Max Power83.81 bhp,Torque114Nm@ 3500rpm,Wheel SizeN/A,Seats5,,,
78,2011Tata Indica Vista Aura 1.3 Quadrajet (ABS) BS IV,Tata,3 Lakh*,2011,Individual,"30,000 kms",First Owner,Diesel,Manual,Mileage18.4 kmpl,Engine1248 CC,Max Power75 bhp,Torque190Nm@ 1750rpm,Wheel SizeN/A,Seats5,,,
79,2016Tata Indica Vista TDI LX,Tata,1.7 Lakh*,2016,Individual,"1,20,000 kms",Second Owner,Diesel,Manual,Mileage19.1 kmpl,Engine1405 CC,Max Power70 bhp,Torque135.4Nm@ 2500rpm,Wheel Size14,Seats5,,,
80,2007Tata Indica GLS BS IV,Tata,1.5 Lakh*,2007,Individual,"40,000 kms",First Owner,Petrol,Manual,Mileage15.3 kmpl,Engine1193 CC,Max Power65.3 bhp,Torque102Nm@ 2600rpm,Wheel Size4.5J x 13,Seats5,,,
81,2012Tata Nano Lx BSIV,Tata,"90,000*",2012,Individual,"35,000 kms",Second Owner,Petrol,Manual,Mileage25.4 kmpl,Engine624 CC,Max Power37.48 bhp,Torque51Nm@ 4000+/-500rpm,Wheel Size12 x 4 B,Seats4,,,
82,2010Tata Nano Lx,Tata,"75,000*",2010,Individual,"64,000 kms",First Owner,Petrol,Manual,Mileage26.0 kmpl,Engine624 CC,Max Power35 bhp,Torque4.8kgm@ 3000rpm,Wheel SizeN/A,Seats4,,,
83,2010Tata New Safari Dicor EX 4X2,Tata,3.95 Lakh*,2010,Dealer,"1,02,000 kms",Second Owner,Diesel,Manual,Mileage13.93 kmpl,Engine2179 CC,Max Power138.1 bhp,Torque320Nm@ 1700-2700rpm,Wheel SizeN/A,Seats7,,,
84,2005Tata Indigo GLX,Tata,"96,000*",2005,Individual,"80,000 kms",Fourth & Above Owner,Petrol,Manual,Mileage12.8 kmpl,Engine1396 CC,Max Power85 bhp,"Torque12@ 3,500(kgm@ rpm)",Wheel SizeN/A,Seats5,,,
85,2012Tata Safari DICOR 2.2 EX 4x2,Tata,4 Lakh*,2012,Individual,"70,000 kms",Third Owner,Diesel,Manual,Mileage13.93 kmpl,Engine2179 CC,Max Power138.03 bhp,Torque320Nm@ 1700-2700rpm,Wheel Size16,Seats7,,,
86,2012Tata Nano Lx BSIV,Tata,"70,000*",2012,Individual,"80,000 kms",First Owner,Petrol,Manual,Mileage25.4 kmpl,Engine624 CC,Max Power37.48 bhp,Torque51Nm@ 4000+/-500rpm,Wheel Size12 x 4 B,Seats4,,,
87,2012Tata Manza Aura (ABS) Quadrajet BS IV,Tata,2 Lakh*,2012,Individual,"1,10,000 kms",Third Owner,Diesel,Manual,Mileage21.12 kmpl,Engine1248 CC,Max Power88.8 bhp,Torque200Nm@ 1750-3000rpm,Wheel Size5.5J x 15,Seats5,,,
88,2013Tata Nano LX,Tata,"90,000*",2013,Individual,"80,000 kms",Second Owner,Petrol,Manual,Mileage25.4 kmpl,Engine624 CC,Max Power37.48 bhp,Torque51Nm@ 4000+/-500rpm,Wheel Size12,Seats4,,,
89,2005Tata Sumo SA,Tata,1.5 Lakh*,2005,Individual,"1,20,000 kms",Fourth & Above Owner,Diesel,Manual,Mileage14.07 kmpl,Engine2956 CC,Max Power83.1 bhp,Torque250Nm@ 1600-2000rpm,Wheel SizeN/A,Seats7,,,
90,2017Tata Tiago 1.2 Revotron XZA,Tata,5.45 Lakh*,2017,Dealer,"12,843 kms",Second Owner,Petrol,Automatic,Variant -  1.2 Revotron XZA,Mileage23.84 kmpl,Engine1199 CC,Max Power83.83 bhp,Torque114Nm@ 3500rpm,Wheel SizeN/A,Seats5,,
91,2018Toyota Innova Crysta 2.8 GX AT 8S BSIV,Toyota,18.75 Lakh*,2018,Dealer,"18,500 kms",First Owner,Diesel,Automatic,Mileage11.36 kmpl,Engine2755 CC,Max Power171.5 bhp,Torque360Nm@ 1200-3400rpm,Wheel SizeN/A,Seats8,,,
92,2018Toyota Corolla Altis 1.8 G,Toyota,14 Lakh*,2018,Dealer,"13,534 kms",First Owner,Petrol,Manual,Variant -  1.8 G,Mileage14.28 kmpl,Engine1798 CC,Max Power138.03 bhp,Torque173Nm@ 4000rpm,Wheel SizeN/A,Seats5,,
93,2018Toyota Innova Crysta 2.8 ZX AT BSIV,Toyota,21 Lakh*,2018,Dealer,"53,838 kms",First Owner,Diesel,Automatic,Mileage11.36 kmpl,Engine2755 CC,Max Power171.5 bhp,Torque360Nm@ 1200-3400rpm,Wheel SizeN/A,Seats7,,,
94,2017Toyota Innova Crysta 2.4 VX MT BSIV,Toyota,18.25 Lakh*,2017,Dealer,"32,877 kms",First Owner,Diesel,Manual,Variant -  2.4 VX MT BSIV,Mileage13.68 kmpl,Engine2393 CC,Max Power147.8 bhp,Torque343Nm@ 1400-2800rpm,Wheel SizeN/A,Seats7,,
95,2016Toyota Innova Crysta 2.8 GX AT BSIV,Toyota,15.5 Lakh*,2016,Dealer,"80,000 kms",First Owner,Diesel,Automatic,Mileage11.36 kmpl,Engine2755 CC,Max Power171.5 bhp,Torque360Nm@ 1200-3400rpm,Wheel SizeN/A,Seats7,,,
96,2016Toyota Innova Crysta 2.8 GX AT BSIV,Toyota,17 Lakh*,2016,Dealer,"33,120 kms",First Owner,Diesel,Automatic,Mileage11.36 kmpl,Engine2755 CC,Max Power171.5 bhp,Torque360Nm@ 1200-3400rpm,Wheel SizeN/A,Seats7,,,
97,2016Toyota Fortuner 2.8 2WD AT BSIV,Toyota,29 Lakh*,2016,Dealer,"73,000 kms",First Owner,Diesel,Automatic,Mileage12.9 kmpl,Engine2755 CC,Max Power174.5 bhp,Torque450Nm@ 1600-2400rpm,Wheel SizeN/A,Seats7,,,
98,2016Toyota Innova Crysta 2.8 GX AT 8S BSIV,Toyota,17.25 Lakh*,2016,Dealer,"33,977 kms",First Owner,Diesel,Automatic,Mileage11.36 kmpl,Engine2755 CC,Max Power171.5 bhp,Torque360Nm@ 1200-3400rpm,Wheel SizeN/A,Seats8,,,
99,2017Toyota Innova Crysta 2.4 VX MT BSIV,Toyota,17.75 Lakh*,2017,Dealer,"50,314 kms",First Owner,Diesel,Manual,Mileage13.68 kmpl,Engine2393 CC,Max Power147.8 bhp,Torque343Nm@ 1400-2800rpm,Wheel SizeN/A,Seats7,,,
100,2016Toyota Innova Crysta 2.8 ZX AT BSIV,Toyota,18.25 Lakh*,2016,Dealer,"94,000 kms",First Owner,Diesel,Automatic,Mileage11.36 kmpl,Engine2755 CC,Max Power171.5 bhp,Torque360Nm@ 1200-3400rpm,Wheel SizeN/A,Seats7,,,
101,2018Toyota Innova Crysta 2.8 ZX AT BSIV,Toyota,24 Lakh*,2018,Dealer,"26,000 kms",First Owner,Diesel,Automatic,Mileage11.36 kmpl,Engine2755 CC,Max Power171.5 bhp,Torque360Nm@ 1200-3400rpm,Wheel SizeN/A,Seats7,,,
102,2016Toyota Innova Crysta 2.8 GX AT BSIV,Toyota,17 Lakh*,2016,Dealer,"32,098 kms",First Owner,Diesel,Automatic,Mileage11.36 kmpl,Engine2755 CC,Max Power171.5 bhp,Torque360Nm@ 1200-3400rpm,Wheel SizeN/A,Seats7,,,
103,2017Toyota Innova Crysta 2.8 ZX AT BSIV,Toyota,19.5 Lakh*,2017,Dealer,"84,748 kms",First Owner,Diesel,Automatic,Mileage11.36 kmpl,Engine2755 CC,Max Power171.5 bhp,Torque360Nm@ 1200-3400rpm,Wheel SizeN/A,Seats7,,,
104,2017Toyota Innova Crysta 2.4 GX MT BSIV,Toyota,16.75 Lakh*,2017,Dealer,"65,177 kms",First Owner,Diesel,Manual,Mileage13.68 kmpl,Engine2393 CC,Max Power147.8 bhp,Torque343Nm@ 1400-2800rpm,Wheel SizeN/A,Seats7,,,
105,2017Toyota Innova Crysta 2.8 GX AT BSIV,Toyota,17.35 Lakh*,2017,Dealer,"65,324 kms",First Owner,Diesel,Automatic,Mileage11.36 kmpl,Engine2755 CC,Max Power171.5 bhp,Torque360Nm@ 1200-3400rpm,Wheel SizeN/A,Seats7,,,
106,2016Toyota Innova Crysta 2.4 GX MT 8S BSIV,Toyota,15.95 Lakh*,2016,Dealer,"63,540 kms",First Owner,Diesel,Manual,Mileage13.68 kmpl,Engine2393 CC,Max Power147.8 bhp,Torque343Nm@ 1400-2800rpm,Wheel SizeN/A,Seats8,,,
107,2016Toyota Innova Crysta 2.4 VX MT BSIV,Toyota,17 Lakh*,2016,Dealer,"75,000 kms",First Owner,Diesel,Manual,Variant -  2.4 VX MT BSIV,Mileage13.68 kmpl,Engine2393 CC,Max Power147.8 bhp,Torque343Nm@ 1400-2800rpm,Wheel SizeN/A,Seats7,,
108,2016Toyota Innova Crysta 2.7 GX MT BSIV,Toyota,12.5 Lakh*,2016,Dealer,"82,902 kms",First Owner,Petrol,Manual,Variant -  2.7 GX MT BSIV,Mileage11.25 kmpl,Engine2694 CC,Max Power163.7 bhp,Torque245Nm@ 4000rpm,Wheel SizeN/A,Seats7,,
109,2017Toyota Innova Crysta 2.8 GX AT BSIV,Toyota,18 Lakh*,2017,Dealer,"22,327 kms",First Owner,Diesel,Automatic,Mileage11.36 kmpl,Engine2755 CC,Max Power171.5 bhp,Torque360Nm@ 1200-3400rpm,Wheel SizeN/A,Seats7,,,
110,2017Toyota Innova Crysta 2.4 VX MT BSIV,Toyota,18.25 Lakh*,2017,Dealer,"54,011 kms",First Owner,Diesel,Manual,Mileage13.68 kmpl,Engine2393 CC,Max Power147.8 bhp,Torque343Nm@ 1400-2800rpm,Wheel SizeN/A,Seats7,,,
111,2016Toyota Innova Crysta 2.8 GX AT BSIV,Toyota,16 Lakh*,2016,Dealer,"55,185 kms",Second Owner,Diesel,Automatic,Mileage11.36 kmpl,Engine2755 CC,Max Power171.5 bhp,Torque360Nm@ 1200-3400rpm,Wheel SizeN/A,Seats7,,,
112,2017Toyota Fortuner 4x4 MT,Toyota,32 Lakh*,2017,Dealer,"63,000 kms",First Owner,Diesel,Manual,Mileage12.55 kmpl,Engine2982 CC,Max Power168.5 bhp,Torque343Nm@ 1400-3400rpm,Wheel SizeN/A,Seats7,,,
113,2016Toyota Innova Crysta 2.4 ZX MT BSIV,Toyota,18.25 Lakh*,2016,Dealer,"55,133 kms",First Owner,Diesel,Manual,Mileage13.68 kmpl,Engine2393 CC,Max Power147.8 bhp,Torque343Nm@ 1400-2800rpm,Wheel SizeN/A,Seats7,,,
114,2016Toyota Innova Crysta 2.8 GX AT BSIV,Toyota,16.75 Lakh*,2016,Dealer,"27,976 kms",Second Owner,Diesel,Automatic,Variant -  2.8 GX AT BSIV,Mileage11.36 kmpl,Engine2755 CC,Max Power171.5 bhp,Torque360Nm@ 1200-3400rpm,Wheel SizeN/A,Seats7,,
115,2018Toyota Innova Crysta 2.8 ZX AT BSIV,Toyota,19 Lakh*,2018,Dealer,"51,250 kms",First Owner,Diesel,Automatic,Variant -  2.8 ZX AT BSIV,Mileage11.36 kmpl,Engine2755 CC,Max Power171.5 bhp,Torque360Nm@ 1200-3400rpm,Wheel SizeN/A,Seats7,,
116,2016Toyota Innova Crysta 2.8 ZX AT BSIV,Toyota,18.75 Lakh*,2016,Dealer,"44,947 kms",Second Owner,Diesel,Automatic,Mileage11.36 kmpl,Engine2755 CC,Max Power171.5 bhp,Torque360Nm@ 1200-3400rpm,Wheel SizeN/A,Seats7,,,
117,2016Toyota Innova Crysta 2.8 ZX AT BSIV,Toyota,18.25 Lakh*,2016,Dealer,"69,669 kms",Second Owner,Diesel,Automatic,Mileage11.36 kmpl,Engine2755 CC,Max Power171.5 bhp,Torque360Nm@ 1200-3400rpm,Wheel SizeN/A,Seats7,,,
118,2018Toyota Etios Cross 1.4L GD,Toyota,6.3 Lakh*,2018,Individual,"55,000 kms",First Owner,Diesel,Manual,Mileage23.59 kmpl,Engine1364 CC,Max Power67.06 bhp,Torque170Nm@ 1800-2400rpm,Wheel SizeN/A,Seats5,,,
119,2016Toyota Innova Crysta 2.8 ZX AT BSIV,Toyota,18.5 Lakh*,2016,Dealer,"44,844 kms",First Owner,Diesel,Automatic,Mileage11.36 kmpl,Engine2755 CC,Max Power171.5 bhp,Torque360Nm@ 1200-3400rpm,Wheel SizeN/A,Seats7,,,
120,2014Toyota Etios Liva VX,Toyota,5.65 Lakh*,2014,Dealer,"22,080 kms",First Owner,Petrol,Manual,Variant -  VX,Mileage18.3 kmpl,Engine1197 CC,Max Power78.9 bhp,Torque104Nm@ 3100rpm,Wheel SizeN/A,Seats5,,
121,2017Toyota Innova Crysta 2.8 ZX AT BSIV,Toyota,17.75 Lakh*,2017,Dealer,"53,544 kms",First Owner,Diesel,Automatic,Mileage11.36 kmpl,Engine2755 CC,Max Power171.5 bhp,Torque360Nm@ 1200-3400rpm,Wheel SizeN/A,Seats7,,,
122,2016Toyota Innova Crysta 2.8 ZX AT BSIV,Toyota,18.75 Lakh*,2016,Dealer,"31,096 kms",First Owner,Diesel,Automatic,Mileage11.36 kmpl,Engine2755 CC,Max Power171.5 bhp,Torque360Nm@ 1200-3400rpm,Wheel SizeN/A,Seats7,,,
123,2016Toyota Etios Liva VX,Toyota,5.5 Lakh*,2016,Dealer,"40,808 kms",Second Owner,Petrol,Manual,Mileage17.71 kmpl,Engine1197 CC,Max Power78.9 bhp,Torque104Nm@ 3100rpm,Wheel SizeN/A,Seats5,,,
124,2011Toyota Fortuner 3.0 Diesel,Toyota,11.75 Lakh*,2011,Dealer,"1,37,000 kms",Second Owner,Diesel,Manual,Mileage11.5 kmpl,Engine2982 CC,Max Power171 bhp,Torque343Nm@ 1400-3400rpm,Wheel SizeN/A,Seats7,,,
125,2017Toyota Fortuner 4x4 AT,Toyota,29.5 Lakh*,2017,Dealer,"80,000 kms",First Owner,Diesel,Automatic,Mileage12.55 kmpl,Engine2982 CC,Max Power168.5 bhp,Torque360Nm@ 1400-3200rpm,Wheel SizeN/A,Seats7,,,
126,2017Toyota Corolla Altis 1.8 G CVT,Toyota,15.5 Lakh*,2017,Dealer,"10,854 kms",First Owner,Petrol,Automatic,Mileage14.28 kmpl,Engine1798 CC,Max Power138.03 bhp,Torque173Nm@ 4000rpm,Wheel SizeN/A,Seats5,,,
127,2017Toyota Innova Crysta 2.4 G MT 8S BSIV,Toyota,17.85 Lakh*,2017,Dealer,"68,600 kms",First Owner,Diesel,Manual,Mileage13.68 kmpl,Engine2393 CC,Max Power147.8 bhp,Torque343Nm@ 1400-2800rpm,Wheel SizeN/A,Seats8,,,
128,2016Toyota Corolla Altis 1.8 VL CVT,Toyota,12.5 Lakh*,2016,Dealer,"60,678 kms",First Owner,Petrol,Automatic,Mileage14.28 kmpl,Engine1798 CC,Max Power138.03 bhp,Torque173Nm@ 4000rpm,Wheel SizeN/A,Seats5,,,
129,2019Toyota Innova Crysta 2.4 VX MT 8 STR,Toyota,19 Lakh*,2019,Dealer,"31,008 kms",First Owner,Diesel,Manual,Mileage13.68 kmpl,Engine2393 CC,Max Power147.51 bhp,Torque343Nm@ 1400-2800rpm,Wheel SizeN/A,Seats8,,,
130,2008Toyota Innova 2.5 V Diesel 8-seater,Toyota,6.25 Lakh*,2008,Dealer,"2,20,000 kms",Second Owner,Diesel,Manual,Mileage12.8 kmpl,Engine2494 CC,Max Power102 bhp,Torque20.4@ 1400-3400(kgm@ rpm),Wheel SizeN/A,Seats8,,,
131,2008Toyota Innova 2.5 G4 Diesel 7-seater,Toyota,5.5 Lakh*,2008,Dealer,"1,21,000 kms",Fourth & Above Owner,Diesel,Manual,Mileage12.8 kmpl,Engine2494 CC,Max Power102 bhp,Torque20.4@ 1400-3400(kgm@ rpm),Wheel SizeN/A,Seats7,,,
132,2012Toyota Fortuner 4x4 MT,Toyota,15.8 Lakh*,2012,Dealer,"1,00,000 kms",Second Owner,Diesel,Manual,Mileage12.55 kmpl,Engine2982 CC,Max Power168.5 bhp,Torque343Nm@ 1400-3400rpm,Wheel SizeN/A,Seats7,,,
133,2013Toyota Fortuner 4x2 AT,Toyota,17 Lakh*,2013,Dealer,"1,34,000 kms",Second Owner,Diesel,Automatic,Mileage12.55 kmpl,Engine2982 CC,Max Power168.5 bhp,Torque360Nm@ 1400-3200rpm,Wheel SizeN/A,Seats7,,,
134,2017Toyota Innova Crysta 2.8 ZX AT BSIV,Toyota,19 Lakh*,2017,Dealer,"57,473 kms",First Owner,Diesel,Automatic,Variant -  2.8 ZX AT BSIV,Mileage11.36 kmpl,Engine2755 CC,Max Power171.5 bhp,Torque360Nm@ 1200-3400rpm,Wheel SizeN/A,Seats7,,
135,2008Toyota Innova 2.5 V Diesel 7-seater,Toyota,6.75 Lakh*,2008,Dealer,"1,36,000 kms",Second Owner,Diesel,Manual,Mileage12.8 kmpl,Engine2494 CC,Max Power102 bhp,Torque20.4@ 1400-3400(kgm@ rpm),Wheel SizeN/A,Seats7,,,
136,2013Toyota Innova 2.5 V Diesel 7-seater,Toyota,10.25 Lakh*,2013,Dealer,"1,75,000 kms",Second Owner,Diesel,Manual,Mileage12.8 kmpl,Engine2494 CC,Max Power102 bhp,Torque20.4@ 1400-3400(kgm@ rpm),Wheel SizeN/A,Seats7,,,
137,2018Toyota Innova Crysta 2.8 GX AT BSIV,Toyota,17.25 Lakh*,2018,Dealer,"23,974 kms",Second Owner,Diesel,Automatic,Mileage11.36 kmpl,Engine2755 CC,Max Power171.5 bhp,Torque360Nm@ 1200-3400rpm,Wheel SizeN/A,Seats7,,,
138,2015Toyota Fortuner 4x2 AT,Toyota,23.5 Lakh*,2015,Dealer,"49,200 kms",First Owner,Diesel,Automatic,Mileage12.55 kmpl,Engine2982 CC,Max Power168.5 bhp,Torque360Nm@ 1400-3200rpm,Wheel SizeN/A,Seats7,,,
139,2015Toyota Innova 2.5 V Diesel 7-seater,Toyota,13.75 Lakh*,2015,Dealer,"1,13,000 kms",Second Owner,Diesel,Manual,Variant -  2.5 V Diesel 7-seater,Mileage12.8 kmpl,Engine2494 CC,Max Power102 bhp,Torque20.4@ 1400-3400(kgm@ rpm),Wheel SizeN/A,Seats7,,
140,2013Toyota Innova 2.5 V Diesel 7-seater,Toyota,10.95 Lakh*,2013,Dealer,"1,77,000 kms",First Owner,Diesel,Manual,Mileage12.8 kmpl,Engine2494 CC,Max Power102 bhp,Torque20.4@ 1400-3400(kgm@ rpm),Wheel SizeN/A,Seats7,,,
141,2017Toyota Innova Crysta 2.8 ZX AT BSIV,Toyota,17.5 Lakh*,2017,Dealer,"55,626 kms",First Owner,Diesel,Automatic,Mileage11.36 kmpl,Engine2755 CC,Max Power171.5 bhp,Torque360Nm@ 1200-3400rpm,Wheel SizeN/A,Seats7,,,
142,2015Toyota Innova 2.5 V Diesel 7-seater,Toyota,14.5 Lakh*,2015,Dealer,"91,000 kms",First Owner,Diesel,Manual,Mileage12.8 kmpl,Engine2494 CC,Max Power102 bhp,Torque20.4@ 1400-3400(kgm@ rpm),Wheel SizeN/A,Seats7,,,
143,2017Toyota Innova Crysta 2.4 ZX MT BSIV,Toyota,17 Lakh*,2017,Dealer,"74,000 kms",First Owner,Diesel,Manual,Mileage13.68 kmpl,Engine2393 CC,Max Power147.8 bhp,Torque343Nm@ 1400-2800rpm,Wheel SizeN/A,Seats7,,,
144,2012Toyota Innova 2.5 GX (Diesel) 7 Seater,Toyota,8.75 Lakh*,2012,Dealer,"1,61,000 kms",Third Owner,Diesel,Manual,Mileage12.99 kmpl,Engine2494 CC,Max Power100 bhp,Torque200Nm@ 1400-3400rpm,Wheel SizeN/A,Seats7,,,
145,2016Toyota Etios GD,Toyota,6 Lakh*,2016,Individual,"1,00,000 kms",First Owner,Diesel,Manual,Variant -  GD,Mileage23.59 kmpl,Engine1364 CC,Max Power67.05 bhp,Torque170Nm@ 1800-2400rpm,Wheel Size14,Seats5,,
146,2018Toyota Innova Crysta 2.4 GX AT,Toyota,18.65 Lakh*,2018,Dealer,"11,148 kms",First Owner,Diesel,Automatic,Mileage13.68 kmpl,Engine2393 CC,Max Power147.51 bhp,Torque360Nm@ 1400-2600rpm,Wheel SizeN/A,Seats7,,,
147,2015Skoda Rapid 1.6 MPI Ambition With Alloy Wheel,Skoda,5.85 Lakh*,2015,Dealer,"56,000 kms",First Owner,Petrol,Manual,Mileage15.0 kmpl,Engine1598 CC,Max Power103.52 bhp,Torque153Nm@ 3800rpm,Wheel SizeN/A,Seats5,,,
148,2013Skoda Yeti Elegance 4X4,Skoda,8.9 Lakh*,2013,Dealer,"25,000 kms",First Owner,Diesel,Manual,Mileage17.67 kmpl,Engine1968 CC,Max Power138.1 bhp,Torque320Nm@ 1750-2500rpm,Wheel Size7.0J X 16,Seats5,,,
149,2017Skoda Octavia 2.0 TDI AT Style Plus,Skoda,17.9 Lakh*,2017,Dealer,"26,000 kms",First Owner,Diesel,Automatic,Variant -  2.0 TDI AT Style Plus,Mileage19.5 kmpl,Engine1968 CC,Max Power141 bhp,Torque320Nm@ 1750-3000rpm,Wheel SizeN/A,Seats5,,
150,2014Skoda Rapid 1.5 TDI Elegance,Skoda,5.85 Lakh*,2014,Dealer,"64,000 kms",First Owner,Diesel,Manual,Mileage21.14 kmpl,Engine1498 CC,Max Power103.52 bhp,Torque250Nm@ 1500-2500rpm,Wheel SizeN/A,Seats5,,,
151,2018Skoda Rapid 1.5 TDI AT Ambition BSIV,Skoda,8.9 Lakh*,2018,Dealer,"55,000 kms",First Owner,Diesel,Automatic,Mileage21.72 kmpl,Engine1498 CC,Max Power108.6 bhp,Torque250Nm@ 1500-2500rpm,Wheel SizeN/A,Seats5,,,
152,2017Skoda Rapid 1.5 TDI AT Ambition Plus,Skoda,8.75 Lakh*,2017,Dealer,"37,000 kms",First Owner,Diesel,Automatic,Mileage21.66 kmpl,Engine1498 CC,Max Power103.6 bhp,Torque250Nm@ 1500-2500rpm,Wheel Size6.0J X 15,Seats5,,,
153,2012Skoda Rapid 1.6 TDI Ambition,Skoda,4.25 Lakh*,2012,Dealer,"88,244 kms",First Owner,Diesel,Manual,Mileage20.5 kmpl,Engine1598 CC,Max Power103.5 bhp,Torque250Nm@ 1500-2500rpm,Wheel Size5.0j  x 14,Seats5,,,
154,2015Skoda Rapid 1.6 MPI AT Elegance Plus,Skoda,7 Lakh*,2015,Dealer,"36,000 kms",First Owner,Petrol,Automatic,Mileage14.3 kmpl,Engine1598 CC,Max Power103.52 bhp,Torque153Nm@ 3800rpm,Wheel SizeN/A,Seats5,,,
155,2017Skoda Rapid 1.5 TDI Elegance,Skoda,6.25 Lakh*,2017,Dealer,"52,000 kms",First Owner,Diesel,Manual,Mileage21.14 kmpl,Engine1498 CC,Max Power103.52 bhp,Torque250Nm@ 1500-2500rpm,Wheel SizeN/A,Seats5,,,
156,2014Skoda Rapid 1.6 MPI Elegance Plus,Skoda,5.4 Lakh*,2014,Dealer,"57,000 kms",First Owner,Petrol,Manual,Mileage15.0 kmpl,Engine1598 CC,Max Power103.52 bhp,Torque153Nm@ 3800rpm,Wheel SizeN/A,Seats5,,,
157,2014Skoda Octavia 2.0 TDI AT Style,Skoda,12.45 Lakh*,2014,Dealer,"66,000 kms",First Owner,Diesel,Automatic,Mileage19.5 kmpl,Engine1968 CC,Max Power141 bhp,Torque320Nm@ 1750-3000rpm,Wheel SizeN/A,Seats5,,,
158,2015Skoda Rapid 1.5 TDI AT Ambition Plus,Skoda,7.25 Lakh*,2015,Dealer,"79,100 kms",First Owner,Diesel,Automatic,Mileage21.66 kmpl,Engine1498 CC,Max Power103.6 bhp,Torque250Nm@ 1500-2500rpm,Wheel Size6.0J X 15,Seats5,,,
159,2017Skoda Rapid 1.5 TDI AT Style BSIV,Skoda,10.95 Lakh*,2017,Dealer,"47,000 kms",First Owner,Diesel,Automatic,Mileage21.72 kmpl,Engine1498 CC,Max Power108.6 bhp,Torque250Nm@ 1500-2500rpm,Wheel SizeN/A,Seats5,,,
160,2015Skoda Octavia Elegance 1.8 TSI AT,Skoda,14 Lakh*,2015,Dealer,"32,922 kms",First Owner,Petrol,Automatic,Variant -  Elegance 1.8 TSI AT,Mileage14.7 kmpl,Engine1798 CC,Max Power177.5 bhp,Torque250Nm@ 1250-5000rpm,Wheel SizeN/A,Seats5,,
161,2014Skoda Octavia Ambition 2.0 TDI AT,Skoda,11.2 Lakh*,2014,Dealer,"55,000 kms",First Owner,Diesel,Automatic,Mileage19.3 kmpl,Engine1968 CC,Max Power141 bhp,Torque320Nm@ 1750-3000rpm,Wheel SizeN/A,Seats5,,,
162,2014Skoda Octavia Ambition 2.0 TDI AT,Skoda,13.95 Lakh*,2014,Dealer,"59,600 kms",Second Owner,Diesel,Automatic,Variant -  Ambition 2.0 TDI AT,Mileage19.3 kmpl,Engine1968 CC,Max Power141 bhp,Torque320Nm@ 1750-3000rpm,Wheel SizeN/A,Seats5,,
163,2013Skoda Rapid 1.5 TDI Active,Skoda,4.95 Lakh*,2013,Dealer,"72,000 kms",First Owner,Diesel,Manual,Mileage21.14 kmpl,Engine1498 CC,Max Power103.52 bhp,Torque250Nm@ 1500-2500rpm,Wheel Size15,Seats5,,,
164,2017Skoda Octavia 1.8 TSI AT Style Plus,Skoda,16.35 Lakh*,2017,Dealer,"29,000 kms",First Owner,Petrol,Automatic,Variant -  1.8 TSI AT Style Plus,Mileage15.1 kmpl,Engine1798 CC,Max Power177 bhp,Torque250Nm@ 1250-5000rpm,Wheel SizeN/A,Seats5,,
165,2017Skoda Octavia 1.8 TSI AT Style Plus,Skoda,17.2 Lakh*,2017,Dealer,"31,000 kms",First Owner,Petrol,Automatic,Mileage15.1 kmpl,Engine1798 CC,Max Power177 bhp,Torque250Nm@ 1250-5000rpm,Wheel SizeN/A,Seats5,,,
166,2017Skoda Rapid 1.5 TDI AT Style BSIV,Skoda,11.35 Lakh*,2017,Dealer,"28,000 kms",First Owner,Diesel,Automatic,Mileage21.72 kmpl,Engine1498 CC,Max Power108.6 bhp,Torque250Nm@ 1500-2500rpm,Wheel SizeN/A,Seats5,,,
167,2015Skoda Rapid 1.5 TDI Ambition Plus,Skoda,6.75 Lakh*,2015,Dealer,"38,000 kms",First Owner,Diesel,Manual,Mileage21.14 kmpl,Engine1498 CC,Max Power103.6 bhp,Torque250Nm@ 1500-2500rpm,Wheel Size6.0J X 15,Seats5,,,
168,2013Skoda Laura 1.9 TDI MT Ambiente,Skoda,6.5 Lakh*,2013,Dealer,"1,02,000 kms",Second Owner,Diesel,Manual,Mileage17.0 kmpl,Engine1896 CC,Max Power105 bhp,Torque250Nm@ 1900rpm,Wheel Size6.5J x 15,Seats5,,,
169,2012Skoda Laura Ambition 2.0 TDI CR MT,Skoda,6.5 Lakh*,2012,Dealer,"78,000 kms",First Owner,Diesel,Manual,Mileage20.0 kmpl,Engine1968 CC,Max Power108.5 bhp,Torque250Nm@ 1500-2500rpm,Wheel Size6.5J x 16,Seats5,,,
170,2014Skoda Octavia Ambition 2.0 TDI MT,Skoda,11.75 Lakh*,2014,Dealer,"56,000 kms",First Owner,Diesel,Manual,Mileage20.6 kmpl,Engine1968 CC,Max Power141 bhp,Torque320Nm@ 1750-3000rpm,Wheel SizeN/A,Seats5,,,
171,2011Skoda Fabia 1.2 TDI Active Plus,Skoda,2.85 Lakh*,2011,Dealer,"63,000 kms",Second Owner,Diesel,Manual,Mileage20.86 kmpl,Engine1199 CC,Max Power75 bhp,Torque180Nm@ 2000rpm,Wheel Size5.0J X 14,Seats5,,,
172,2010Skoda Superb Elegance 1.8 TSI MT,Skoda,5.76 Lakh*,2010,Dealer,"68,000 kms",First Owner,Petrol,Manual,Mileage13.1 kmpl,Engine1798 CC,Max Power157.75 bhp,Torque250Nm@ 1500-4500rpm,Wheel SizeN/A,Seats5,,,
173,2009Skoda Laura 1.9 TDI AT Elegance,Skoda,4.75 Lakh*,2009,Dealer,"96,872 kms",Second Owner,Diesel,Automatic,Variant -  1.9 TDI AT Elegance,Mileage17.0 kmpl,Engine1896 CC,Max Power105 bhp,Torque250Nm@ 1900rpm,Wheel Size6.5J x 16,Seats5,,
174,2011Skoda Yeti Ambition 4X2,Skoda,6.35 Lakh*,2011,Dealer,"90,000 kms",First Owner,Diesel,Manual,Mileage17.72 kmpl,Engine1968 CC,Max Power108.49 bhp,Torque250Nm@ 1500-2500rpm,Wheel Size7.0J X 16,Seats5,,,
175,2014Skoda Octavia Elegance 2.0 TDI AT,Skoda,12.25 Lakh*,2014,Dealer,"66,000 kms",First Owner,Diesel,Automatic,Mileage19.3 kmpl,Engine1968 CC,Max Power141 bhp,Torque320Nm@ 1750-3000rpm,Wheel SizeN/A,Seats5,,,
176,2018Skoda Rapid 1.5 TDI Ambition With Alloy Wheel,Skoda,8.75 Lakh*,2018,Dealer,"55,000 kms",First Owner,Diesel,Manual,Mileage21.14 kmpl,Engine1498 CC,Max Power103.52 bhp,Torque250Nm@ 1500-2500rpm,Wheel SizeN/A,Seats5,,,
177,2014Skoda Superb Elegance 1.8 TSI MT,Skoda,10.45 Lakh*,2014,Dealer,"1,05,000 kms",First Owner,Petrol,Manual,Mileage13.1 kmpl,Engine1798 CC,Max Power157.75 bhp,Torque250Nm@ 1500-4500rpm,Wheel SizeN/A,Seats5,,,
178,2011Skoda Laura Ambiente 2.0 TDI CR AT,Skoda,7 Lakh*,2011,Dealer,"1,04,099 kms",Third Owner,Diesel,Automatic,Mileage20.0 kmpl,Engine1968 CC,Max Power138.1 bhp,Torque320Nm@ 1750-2500rpm,Wheel Size6.5J x 16,Seats5,,,
179,2011Skoda Laura 1.8 TSI Ambiente,Skoda,4.79 Lakh*,2011,Individual,"80,000 kms",Third Owner,Petrol,Manual,Mileage13.4 kmpl,Engine1798 CC,Max Power157.8 bhp,Torque250Nm@ 1500-4500rpm,Wheel Size6.5J x 15,Seats5,,,
180,2014Skoda Rapid 1.5 TDI Elegance Plus,Skoda,5.5 Lakh*,2014,Dealer,"81,018 kms",First Owner,Diesel,Manual,Mileage21.14 kmpl,Engine1498 CC,Max Power103.52 bhp,Torque250Nm@ 1500-2500rpm,Wheel SizeN/A,Seats5,,,
181,2013Skoda Superb 2.5 TDi AT,Skoda,8.5 Lakh*,2013,Dealer,"90,000 kms",First Owner,Diesel,Automatic,Mileage11.9 kmpl,Engine2496 CC,Max Power163.2 bhp,"Torque35.7@ 1,250(kgm@ rpm)",Wheel Size16 x 7J,Seats5,,,
182,2014Skoda Superb Zeal Elegance 2.0 TDI CR AT,Skoda,12.3 Lakh*,2014,Individual,"80,000 kms",Second Owner,Diesel,Automatic,Mileage17.2 kmpl,Engine1968 CC,Max Power138.08 bhp,Torque320Nm@ 1750-2500rpm,Wheel Size7.0J X 16,Seats5,,,
183,2018Skoda Rapid 1.6 MPI Style BSIV,Skoda,9.5 Lakh*,2018,Individual,"15,000 kms",First Owner,Petrol,Manual,Variant -  1.6 MPI Style BSIV,Mileage14.3 kmpl,Engine1598 CC,Max Power103.2 bhp,Torque153Nm@ 3750-3800rpm,Wheel SizeN/A,Seats5,,
184,2016Skoda Rapid 1.5 TDI AT Elegance Plus,Skoda,6.5 Lakh*,2016,Individual,"72,000 kms",First Owner,Diesel,Automatic,Mileage21.66 kmpl,Engine1498 CC,Max Power103.52 bhp,Torque250Nm@ 1500-2500rpm,Wheel SizeN/A,Seats5,,,
185,2012Skoda Rapid 1.6 TDI Elegance,Skoda,4.4 Lakh*,2012,Individual,"1,38,000 kms",First Owner,Diesel,Manual,Mileage20.5 kmpl,Engine1598 CC,Max Power103.5 bhp,Torque250Nm@ 1500-2500rpm,Wheel Size6.0J X 15,Seats5,,,
186,2012Skoda Rapid 1.5 TDI Elegance,Skoda,4.45 Lakh*,2012,Dealer,"76,000 kms",Second Owner,Diesel,Manual,Mileage21.14 kmpl,Engine1498 CC,Max Power103.52 bhp,Torque250Nm@ 1500-2500rpm,Wheel SizeN/A,Seats5,,,
187,2012Skoda Rapid 1.5 TDI Elegance,Skoda,4.45 Lakh*,2012,Dealer,"76,000 kms",Second Owner,Diesel,Manual,Mileage21.14 kmpl,Engine1498 CC,Max Power103.52 bhp,Torque250Nm@ 1500-2500rpm,Wheel SizeN/A,Seats5,,,
188,2013Skoda Rapid 1.5 TDI Elegance,Skoda,4.95 Lakh*,2013,Dealer,"80,000 kms",First Owner,Diesel,Manual,Mileage21.14 kmpl,Engine1498 CC,Max Power103.52 bhp,Torque250Nm@ 1500-2500rpm,Wheel SizeN/A,Seats5,,,
189,2011Skoda Yeti Ambition 4WD,Skoda,5.5 Lakh*,2011,Individual,"2,50,000 kms",Second Owner,Diesel,Manual,Mileage17.67 kmpl,Engine1968 CC,Max Power138.08 bhp,Torque320Nm@ 1750-2500rpm,Wheel Size7.0J X 16,Seats5,,,
190,2012Skoda Rapid 1.6 TDI Active Plus,Skoda,3.1 Lakh*,2012,Individual,"1,20,000 kms",Third Owner,Diesel,Manual,Mileage20.5 kmpl,Engine1598 CC,Max Power105 bhp,Torque250Nm@ 1500-2500rpm,Wheel Size5.0jXR14,Seats5,,,
191,2009Skoda Laura 1.9 TDI AT Elegance,Skoda,3.5 Lakh*,2009,Individual,"1,72,000 kms",First Owner,Diesel,Automatic,Mileage17.0 kmpl,Engine1896 CC,Max Power105 bhp,Torque250Nm@ 1900rpm,Wheel Size6.5J x 16,Seats5,,,
192,2015Skoda Superb Elegance 1.8 TSI AT,Skoda,13.5 Lakh*,2015,Dealer,"46,000 kms",First Owner,Petrol,Automatic,Variant -  Elegance 1.8 TSI AT,Mileage13.7 kmpl,Engine1798 CC,Max Power157.75 bhp,Torque250Nm@ 1500-4500rpm,Wheel SizeN/A,Seats5,,
193,2007Skoda Laura L n K 1.9 PD AT,Skoda,2.4 Lakh*,2007,Individual,"1,00,000 kms",First Owner,Diesel,Automatic,Mileage15.6 kmpl,Engine1896 CC,Max Power106 bhp,"Torque25.5@ 1,900(kgm@ rpm)",Wheel Size16 x 6.5J,Seats5,,,
194,2015Skoda Rapid 1.6 MPI Elegance Plus,Skoda,5.65 Lakh*,2015,Dealer,"49,000 kms",Second Owner,Petrol,Manual,Mileage15.0 kmpl,Engine1598 CC,Max Power103.52 bhp,Torque153Nm@ 3800rpm,Wheel SizeN/A,Seats5,,,
195,2014Skoda Octavia Ambition 2.0 TDI AT,Skoda,11.5 Lakh*,2014,Dealer,"65,000 kms",First Owner,Diesel,Automatic,Mileage19.3 kmpl,Engine1968 CC,Max Power141 bhp,Torque320Nm@ 1750-3000rpm,Wheel SizeN/A,Seats5,,,
196,2013Skoda Rapid 1.6 TDI Active,Skoda,5.15 Lakh*,2013,Dealer,"72,000 kms",First Owner,Diesel,Manual,Mileage20.5 kmpl,Engine1598 CC,Max Power103.5 bhp,Torque250Nm@ 1500-2500rpm,Wheel Size5.0J X 14,Seats5,,,
197,2009Skoda Superb Elegance 2.0 TDI CR AT,Skoda,5 Lakh*,2009,Individual,"80,000 kms",Third Owner,Diesel,Automatic,Mileage17.2 kmpl,Engine1968 CC,Max Power138.1 bhp,Torque320Nm@ 1750-2500rpm,Wheel Size7.0j X 16,Seats5,,,
198,2013Skoda Rapid 1.6 TDI Active Plus,Skoda,4.85 Lakh*,2013,Dealer,"72,000 kms",First Owner,Diesel,Manual,Mileage20.5 kmpl,Engine1598 CC,Max Power105 bhp,Torque250Nm@ 1500-2500rpm,Wheel Size5.0jXR14,Seats5,,,
199,2011Skoda Fabia 1.2 TDI Ambition,Skoda,3.2 Lakh*,2011,Individual,"1,10,000 kms",First Owner,Diesel,Manual,Mileage20.86 kmpl,Engine1199 CC,Max Power73.9 bhp,Torque180Nm@ 2000rpm,Wheel SizeN/A,Seats5,,,
200,2016Skoda Rapid 1.5 TDI Style Plus Black Package,Skoda,6.5 Lakh*,2016,Individual,"50,000 kms",First Owner,Diesel,Manual,Mileage21.14 kmpl,Engine1498 CC,Max Power103.52 bhp,Torque250Nm@ 1500-2500rpm,Wheel SizeN/A,Seats5,,,
201,2018Skoda Rapid 1.5 TDI AT Style BSIV,Skoda,11.5 Lakh*,2018,Individual,"20,000 kms",First Owner,Diesel,Automatic,Mileage21.72 kmpl,Engine1498 CC,Max Power108.6 bhp,Torque250Nm@ 1500-2500rpm,Wheel SizeN/A,Seats5,,,
202,2004Skoda Octavia Classic 1.9 TDI MT,Skoda,2 Lakh*,2004,Dealer,"1,51,000 kms",Third Owner,Diesel,Manual,Mileage18.7 kmpl,Engine1896 CC,Max Power66 bhp,Torque210 / 1900,Wheel Size15 x 6J ,Seats5,,,
203,2011Skoda Superb 1.8 TSI MT,Skoda,5.5 Lakh*,2011,Individual,"80,000 kms",Third Owner,Petrol,Manual,Mileage13.14 kmpl,Engine1798 CC,Max Power160 bhp,Torque25 KGM,Wheel SizeN/A,Seats5,,,
204,2008Skoda Fabia 1.4 TDI Classic,Skoda,2.8 Lakh*,2008,Individual,"71,000 kms",Second Owner,Diesel,Manual,Mileage19.4 kmpl,Engine1422 CC,Max Power70 bhp,Torque155 Nm at 1600-2800 rpm,Wheel SizeN/A,Seats5,,,
205,2016Skoda Rapid 1.5 TDI AT Style Plus,Skoda,6.5 Lakh*,2016,Individual,"76,000 kms",Second Owner,Diesel,Automatic,Mileage21.66 kmpl,Engine1498 CC,Max Power103.52 bhp,Torque250Nm@ 1500-2500rpm,Wheel SizeN/A,Seats5,,,
206,2012Skoda Rapid 1.6 TDI Ambition,Skoda,3.5 Lakh*,2012,Individual,"1,23,400 kms",Second Owner,Diesel,Manual,Mileage20.5 kmpl,Engine1598 CC,Max Power103.5 bhp,Torque250Nm@ 1500-2500rpm,Wheel Size5.0j  x 14,Seats5,,,
207,2016Maruti Wagon R VXI AMT,Maruti,4.69 Lakh*,2016,Dealer,"26,862 kms",First Owner,Petrol,Automatic,Mileage21.79 kmpl,Engine998 CC,Max Power67.05 bhp,Torque90Nm@ 3500rpm,Wheel SizeR14,Seats5,,,
208,2018Maruti Ignis 1.2 AMT Alpha BSIV,Maruti,6.95 Lakh*,2018,Dealer,"23,312 kms",First Owner,Petrol,Automatic,Mileage20.89 kmpl,Engine1197 CC,Max Power81.80 bhp,Torque113Nm@ 4200rpm,Wheel SizeN/A,Seats5,,,
209,2018Maruti Swift AMT VXI,Maruti,7.25 Lakh*,2018,Dealer,"5,700 kms",First Owner,Petrol,Automatic,Mileage21.21 kmpl,Engine1197 CC,Max Power81.80 bhp,Torque113Nm@ 4200rpm,Wheel SizeR14,Seats5,,,
210,2018Maruti Swift VDI BSIV W ABS,Maruti,7.3 Lakh*,2018,Dealer,"19,000 kms",First Owner,Diesel,Manual,Mileage17.8 kmpl,Engine1248 CC,Max Powernull bhp,TorqueN/A,Wheel SizeN/A,Seats5,,,
211,2016Maruti Alto K10 VXI AGS,Maruti,4.1 Lakh*,2016,Dealer,"16,000 kms",First Owner,Petrol,Automatic,Mileage23.95 kmpl,Engine998 CC,Max Power67.05 bhp,Torque90Nm@ 3500rpm,Wheel Size13,Seats5,,,
212,2016Maruti Swift ZXI Plus,Maruti,6.25 Lakh*,2016,Dealer,"35,000 kms",First Owner,Petrol,Manual,Mileage21.21 kmpl,Engine1197 CC,Max Power81.80 bhp,Torque113Nm@ 4200rpm,Wheel SizeN/A,Seats5,,,
213,2017Maruti Swift Dzire VXI Optional,Maruti,6.5 Lakh*,2017,Dealer,"24,000 kms",First Owner,Petrol,Manual,Mileage20.85 kmpl,Engine1197 CC,Max Power83.14 bhp,Torque115Nm@ 4000rpm,Wheel Size14,Seats5,,,
214,2016Maruti S-Cross 2017-2020 Alpha DDiS 200 SH,Maruti,7.35 Lakh*,2016,Dealer,"76,000 kms",First Owner,Diesel,Manual,Variant -  Alpha DDiS 200 SH,Mileage25.1 kmpl,Engine1248 CC,Max Power88.5 bhp,Torque200Nm@ 1750rpm,Wheel SizeN/A,Seats5,,
215,2018Maruti Swift AMT VXI,Maruti,7.25 Lakh*,2018,Dealer,"8,000 kms",First Owner,Petrol,Automatic,Mileage22.0 kmpl,Engine1197 CC,Max Power81.80 bhp,Torque113Nm@ 4200rpm,Wheel Size14,Seats5,,,
216,2016Maruti Alto K10 VXI,Maruti,3.55 Lakh*,2016,Dealer,"36,000 kms",First Owner,Petrol,Manual,Mileage23.95 kmpl,Engine998 CC,Max Power67.05 bhp,Torque90Nm@ 3500rpm,Wheel Size13,Seats5,,,
217,2016Maruti Celerio VXI,Maruti,4.25 Lakh*,2016,Dealer,"48,105 kms",First Owner,Petrol,Manual,Mileage21.63 kmpl,Engine998 CC,Max Power67.04 bhp,Torque90Nm@ 3500rpm,Wheel SizeR14,Seats5,,,
218,2016Maruti Alto K10 VXI Optional,Maruti,3.6 Lakh*,2016,Dealer,"36,000 kms",First Owner,Petrol,Manual,Mileage23.95 kmpl,Engine998 CC,Max Power67.05 bhp,Torque90Nm@ 3500rpm,Wheel Size13,Seats5,,,
219,2012Maruti Ritz VXI,Maruti,3.85 Lakh*,2012,Dealer,"56,000 kms",First Owner,Petrol,Manual,Mileage21.1 kmpl,Engine1197 CC,Max Power85.80 bhp,Torque114Nm@ 4000rpm,Wheel SizeN/A,Seats5,,,
220,2016Maruti Vitara Brezza ZDi,Maruti,8.2 Lakh*,2016,Dealer,"90,000 kms",First Owner,Diesel,Manual,Mileage24.3 kmpl,Engine1248 CC,Max Power88.5 bhp,Torque200Nm@ 1750rpm,Wheel SizeN/A,Seats5,,,
221,2017Maruti Alto K10 VXI AGS,Maruti,4.45 Lakh*,2017,Dealer,"11,845 kms",First Owner,Petrol,Automatic,Mileage23.95 kmpl,Engine998 CC,Max Power67.05 bhp,Torque90Nm@ 3500rpm,Wheel Size13,Seats5,,,
222,2014Maruti Swift Dzire Vdi BSIV,Maruti,5.5 Lakh*,2014,Dealer,"88,000 kms",First Owner,Diesel,Manual,Mileage19.3 kmpl,Engine1248 CC,Max Power73.9 bhp,Torque190Nm@ 2000rpm,Wheel SizeN/A,Seats5,,,
223,2018Maruti Eeco 5 Seater AC BSIV,Maruti,4.35 Lakh*,2018,Dealer,"25,000 kms",First Owner,Petrol,Manual,Mileage15.37 kmpl,Engine1196 CC,Max Power73 bhp,Torque101Nm@ 3000rpm,Wheel Size13,Seats5,,,
224,2017Maruti Baleno Zeta Automatic,Maruti,7.15 Lakh*,2017,Dealer,"42,000 kms",First Owner,Petrol,Automatic,Mileage21.4 kmpl,Engine1197 CC,Max Power83.1 bhp,Torque115Nm@ 4000rpm,Wheel SizeN/A,Seats5,,,
225,2015Maruti Celerio VXi AMT,Maruti,4.65 Lakh*,2015,Dealer,"26,000 kms",First Owner,Petrol,Automatic,Mileage21.63 kmpl,Engine998 CC,Max Power67.04 bhp,Torque90Nm@ 3500rpm,Wheel SizeR14,Seats5,,,
226,2017Maruti Wagon R VXI Opt,Maruti,4.6 Lakh*,2017,Dealer,"25,453 kms",First Owner,Petrol,Manual,Mileage21.79 kmpl,Engine998 CC,Max Power67.05 bhp,Torque90Nm@ 3500rpm,Wheel SizeR14,Seats5,,,
227,2017Maruti Baleno Alpha Diesel,Maruti,7.35 Lakh*,2017,Dealer,"51,000 kms",Second Owner,Diesel,Manual,Mileage27.39 kmpl,Engine1248 CC,Max Power74 bhp,Torque190Nm@ 2000rpm,Wheel SizeN/A,Seats5,,,
228,2016Maruti Baleno Alpha 1.2,Maruti,6.5 Lakh*,2016,Dealer,"65,000 kms",First Owner,Petrol,Manual,Mileage21.4 kmpl,Engine1197 CC,Max Power83.1 bhp,Torque115Nm@ 4000rpm,Wheel SizeN/A,Seats5,,,
229,2018Maruti Swift AMT VDI,Maruti,7.95 Lakh*,2018,Dealer,"39,000 kms",First Owner,Diesel,Automatic,Mileage28.4 kmpl,Engine1248 CC,Max Power74 bhp,Torque190Nm@ 2000rpm,Wheel Size14,Seats5,,,
230,2011Maruti Ritz VXi (ABS) BS IV,Maruti,3.3 Lakh*,2011,Dealer,"71,844 kms",First Owner,Petrol,Manual,Mileage18.5 kmpl,Engine1197 CC,Max Power85.80 bhp,Torque114Nm@ 4000rpm,Wheel Size14,Seats5,,,
231,2018Maruti Ciaz Alpha BSIV,Maruti,9.85 Lakh*,2018,Dealer,"14,673 kms",First Owner,Petrol,Manual,Mileage21.56 kmpl,Engine1462 CC,Max Power103.25 bhp,Torque138Nm@ 4400rpm,Wheel SizeN/A,Seats5,,,
232,2013Maruti Swift ZDI BSIV,Maruti,5.25 Lakh*,2013,Dealer,"81,000 kms",First Owner,Diesel,Manual,Mileage25.2 kmpl,Engine1248 CC,Max Power74 bhp,Torque190Nm@ 2000rpm,Wheel SizeN/A,Seats5,,,
233,2015Maruti Celerio VXi AMT,Maruti,4.5 Lakh*,2015,Dealer,"40,000 kms",First Owner,Petrol,Automatic,Mileage21.63 kmpl,Engine998 CC,Max Power67.04 bhp,Torque90Nm@ 3500rpm,Wheel SizeR14,Seats5,,,
234,2017Maruti Wagon R VXI,Maruti,4.25 Lakh*,2017,Dealer,"85,000 kms",First Owner,Petrol,Manual,Mileage18.9 kmpl,Engine998 CC,Max Power67.1 bhp,Torque90Nm@ 3500rpm,Wheel SizeN/A,Seats5,,,
235,2016Maruti Baleno Alpha 1.2,Maruti,7.65 Lakh*,2016,Dealer,"24,200 kms",First Owner,Petrol,Manual,Mileage21.4 kmpl,Engine1197 CC,Max Power83.1 bhp,Torque115Nm@ 4000rpm,Wheel SizeN/A,Seats5,,,
236,2018Maruti Ertiga ZXI Plus,Maruti,9 Lakh*,2018,Dealer,"32,000 kms",First Owner,Petrol,Manual,Mileage19.01 kmpl,Engine1462 CC,Max Power103.26 bhp,Torque138Nm@ 4400rpm,Wheel SizeN/A,Seats7,,,
237,2016Maruti Ritz LDi,Maruti,5.25 Lakh*,2016,Dealer,"36,000 kms",First Owner,Diesel,Manual,Mileage23.2 kmpl,Engine1248 CC,Max Power73.94 bhp,Torque190Nm@ 2000rpm,Wheel Size14,Seats5,,,
238,2018Maruti Swift Dzire VXI,Maruti,7.45 Lakh*,2018,Dealer,"23,000 kms",First Owner,Petrol,Manual,Mileage20.85 kmpl,Engine1197 CC,Max Power83.14 bhp,Torque115Nm@ 4000rpm,Wheel Size14,Seats5,,,
239,2013Maruti Swift Dzire VDI,Maruti,5.45 Lakh*,2013,Dealer,"61,000 kms",First Owner,Diesel,Manual,Mileage26.59 kmpl,Engine1248 CC,Max Power74 bhp,Torque190Nm@ 2000rpm,Wheel Size14,Seats5,,,
240,2018Maruti SX4 S Cross 2015-2017 DDiS 200 Zeta,Maruti,9.5 Lakh*,2018,Dealer,"36,000 kms",First Owner,Diesel,Manual,Mileage23.65 kmpl,Engine1248 CC,Max Power88.5 bhp,Torque200Nm@ 1750rpm,Wheel SizeN/A,Seats5,,,
241,2017Maruti Alto 800 LXI,Maruti,3.75 Lakh*,2017,Dealer,"3,117 kms",First Owner,Petrol,Manual,Mileage24.7 kmpl,Engine796 CC,Max Power47.3 bhp,Torque69Nm@ 3500rpm,Wheel Size12,Seats5,,,
242,2013Maruti Swift Dzire ZDI,Maruti,6.65 Lakh*,2013,Dealer,"45,000 kms",First Owner,Diesel,Manual,Mileage23.4 kmpl,Engine1248 CC,Max Power74 bhp,Torque190Nm@ 2000rpm,Wheel SizeN/A,Seats5,,,
243,2016Maruti Alto K10 VXI Optional,Maruti,3.45 Lakh*,2016,Dealer,"47,000 kms",First Owner,Petrol,Manual,Mileage23.95 kmpl,Engine998 CC,Max Power67.05 bhp,Torque90Nm@ 3500rpm,Wheel Size13,Seats5,,,
244,2014Maruti Swift VDI,Maruti,5.5 Lakh*,2014,Dealer,"37,000 kms",First Owner,Diesel,Manual,Mileage28.4 kmpl,Engine1248 CC,Max Power74 bhp,Torque190Nm@ 2000rpm,Wheel Size14,Seats5,,,
245,2016Maruti Wagon R AMT VXI,Maruti,4.5 Lakh*,2016,Dealer,"36,000 kms",First Owner,Petrol,Automatic,Mileage20.51 kmpl,Engine998 CC,Max Power67 bhp,Torque90Nm@ 3500rpm,Wheel Size14,Seats5,,,
246,2011Maruti Swift VDI,Maruti,3.9 Lakh*,2011,Dealer,"80,000 kms",Second Owner,Diesel,Manual,Mileage28.4 kmpl,Engine1248 CC,Max Power74 bhp,Torque190Nm@ 2000rpm,Wheel Size14,Seats5,,,
247,2015Maruti Swift VXI BSIV,Maruti,5.2 Lakh*,2015,Dealer,"1,02,506 kms",First Owner,Petrol,Manual,Mileage22.0 kmpl,Engine1197 CC,Max Power81.80 bhp,Torque113Nm@ 4200rpm,Wheel Size14,Seats5,,,
248,2011Maruti Swift VDI,Maruti,3.9 Lakh*,2011,Dealer,"79,000 kms",First Owner,Diesel,Manual,Variant -  VDI,Mileage28.4 kmpl,Engine1248 CC,Max Power74 bhp,Torque190Nm@ 2000rpm,Wheel Size14,Seats5,,
249,2013Maruti Ertiga ZDI,Maruti,5.95 Lakh*,2013,Dealer,"82,000 kms",Second Owner,Diesel,Manual,Mileage20.77 kmpl,Engine1248 CC,Max Power88.8 bhp,Torque200Nm@ 1750rpm,Wheel SizeN/A,Seats7,,,
250,2019Maruti S-Cross 2017-2020 Zeta DDiS 200 SH,Maruti,9.55 Lakh*,2019,Dealer,"12,000 kms",First Owner,Diesel,Manual,Mileage25.1 kmpl,Engine1248 CC,Max Power88.5 bhp,Torque200Nm@ 1750rpm,Wheel SizeN/A,Seats5,,,
251,2014Maruti Ertiga BSIV ZXI,Maruti,6.25 Lakh*,2014,Dealer,"39,000 kms",Third Owner,Petrol,Manual,Mileage17.5 kmpl,Engine1373 CC,Max Power91.1 bhp,Torque130Nm@ 4000rpm,Wheel SizeN/A,Seats7,,,
252,2014Maruti Swift ZDI,Maruti,6.25 Lakh*,2014,Dealer,"58,323 kms",First Owner,Diesel,Manual,Mileage28.4 kmpl,Engine1248 CC,Max Power74 bhp,Torque190Nm@ 2000rpm,Wheel SizeN/A,Seats5,,,
253,2017Maruti Celerio ZXI MT BSIV,Maruti,5.25 Lakh*,2017,Dealer,"28,593 kms",First Owner,Petrol,Manual,Mileage23.1 kmpl,Engine998 CC,Max Power67.04 bhp,Torque90Nm@ 3500rpm,Wheel Size14,Seats5,,,
254,2012Maruti Wagon R VXI,Maruti,3.2 Lakh*,2012,Dealer,"47,000 kms",Second Owner,Petrol,Manual,Mileage21.79 kmpl,Engine998 CC,Max Power67.05 bhp,Torque90Nm@ 3500rpm,Wheel SizeR14,Seats5,,,
255,2019Maruti Ertiga ZXI Plus Petrol,Maruti,9 Lakh*,2019,Dealer,"32,000 kms",First Owner,Petrol,Manual,Mileage19.34 kmpl,Engine1462 CC,Max Power103 bhp,Torque138Nm@ 4400rpm,Wheel SizeN/A,Seats7,,,
256,2012Maruti Ritz VDi,Maruti,4.25 Lakh*,2012,Dealer,"67,000 kms",First Owner,Diesel,Manual,Mileage23.2 kmpl,Engine1248 CC,Max Power73.94 bhp,Torque190Nm@ 2000rpm,Wheel Size14,Seats5,,,
257,2015Maruti Alto K10 VXI,Maruti,3.35 Lakh*,2015,Dealer,"63,715 kms",First Owner,Petrol,Manual,Mileage23.95 kmpl,Engine998 CC,Max Power67.05 bhp,Torque90Nm@ 3500rpm,Wheel Size13,Seats5,,,
258,2018Maruti Ciaz Alpha Automatic BSIV,Maruti,8.75 Lakh*,2018,Dealer,"52,594 kms",First Owner,Petrol,Automatic,Variant -  Alpha Automatic BSIV,Mileage20.28 kmpl,Engine1462 CC,Max Power103.25 bhp,Torque138Nm@ 4400rpm,Wheel SizeN/A,Seats5,,
259,2013Maruti Ertiga ZDI,Maruti,6.55 Lakh*,2013,Dealer,"50,500 kms",Third Owner,Diesel,Manual,Mileage20.77 kmpl,Engine1248 CC,Max Power88.8 bhp,Torque200Nm@ 1750rpm,Wheel SizeN/A,Seats7,,,
260,2019Maruti Vitara Brezza ZDi Plus AMT Dual Tone,Maruti,11.95 Lakh*,2019,Dealer,"4,100 kms",First Owner,Diesel,Automatic,Mileage24.3 kmpl,Engine1248 CC,Max Power88.5 bhp,Torque200Nm@ 1750rpm,Wheel SizeN/A,Seats5,,,
261,2018Maruti Ertiga BSIV ZXI Plus,Maruti,10.25 Lakh*,2018,Dealer,"18,173 kms",First Owner,Petrol,Manual,Mileage17.5 kmpl,Engine1373 CC,Max Power91.1 bhp,Torque130Nm@ 4000rpm,Wheel SizeN/A,Seats7,,,
262,2014Maruti Swift ZDI BSIV,Maruti,5.45 Lakh*,2014,Dealer,"73,000 kms",First Owner,Diesel,Manual,Mileage25.2 kmpl,Engine1248 CC,Max Power74 bhp,Torque190Nm@ 2000rpm,Wheel SizeN/A,Seats5,,,
263,2018Maruti Baleno Alpha CVT,Maruti,7.85 Lakh*,2018,Dealer,"30,000 kms",First Owner,Petrol,Automatic,Mileage19.56 kmpl,Engine1197 CC,Max Power81.80 bhp,Torque113Nm@ 4200rpm,Wheel SizeN/A,Seats5,,,
264,2010Maruti Swift Dzire VDI,Maruti,4.1 Lakh*,2010,Dealer,"1,00,000 kms",First Owner,Diesel,Manual,Mileage28.4 kmpl,Engine1248 CC,Max Power74.02 bhp,Torque190Nm@ 2000rpm,Wheel Size14,Seats5,,,
265,2017Hyundai Tucson 2.0 e-VGT 2WD MT,hyundai,15.3 Lakh*,2017,Dealer,"55,000 kms",First Owner,Diesel,Manual,Mileage18.42 kmpl,Engine1995 CC,Max Power182.46 bhp,Torque400.11Nm@ 1750-2750rpm,Wheel SizeN/A,Seats5,,,
266,2017Hyundai Verna 1.6 SX VTVT AT,hyundai,11.45 Lakh*,2017,Dealer,"21,042 kms",First Owner,Petrol,Automatic,Mileage15.74 kmpl,Engine1591 CC,Max Power121.3 bhp,Torque154.9Nm@ 4200rpm,Wheel SizeN/A,Seats5,,,
267,2015Hyundai Creta 1.6 CRDi SX Plus,hyundai,11.5 Lakh*,2015,Individual,"12,500 kms",First Owner,Diesel,Manual,Mileage19.67 kmpl,Engine1582 CC,Max Power126.2 bhp,Torque259.9Nm@ 1900-2750rpm,Wheel SizeN/A,Seats5,,,
268,2015Hyundai Creta 1.6 CRDi AT SX Plus,hyundai,10.9 Lakh*,2015,Dealer,"26,000 kms",First Owner,Diesel,Automatic,Mileage17.01 kmpl,Engine1582 CC,Max Power126.2 bhp,Torque259.9Nm@ 1900-2750rpm,Wheel SizeN/A,Seats5,,,
269,2017Hyundai Creta 1.6 CRDi AT SX Plus,hyundai,12.5 Lakh*,2017,Dealer,"26,000 kms",First Owner,Diesel,Automatic,Mileage17.01 kmpl,Engine1582 CC,Max Power126.2 bhp,Torque259.9Nm@ 1900-2750rpm,Wheel SizeN/A,Seats5,,,
270,2017Hyundai Grand i10 Sportz Plus,hyundai,5.45 Lakh*,2017,Dealer,"33,000 kms",First Owner,Petrol,Manual,Mileage18.9 kmpl,Engine1197 CC,Max Power82 bhp,Torque114Nm@ 4000rpm,Wheel Size14,Seats5,,,
271,2016Hyundai Creta 1.6 CRDi SX,hyundai,10.95 Lakh*,2016,Dealer,"45,000 kms",First Owner,Diesel,Manual,Mileage19.67 kmpl,Engine1582 CC,Max Power126.2 bhp,Torque259.9Nm@ 1900-2750rpm,Wheel SizeN/A,Seats5,,,
272,2018Hyundai i20 2015-2017 Magna AT 1.4,hyundai,8.5 Lakh*,2018,Dealer,"6,000 kms",Second Owner,Petrol,Automatic,Mileage18.6 kmpl,Engine1368 CC,Max Power98.5 bhp,Torque132.3Nm@ 4000rpm,Wheel Size14,Seats5,,,
273,2018Hyundai Creta 1.6 SX Automatic,hyundai,12.75 Lakh*,2018,Dealer,"30,000 kms",First Owner,Petrol,Automatic,Variant -  1.6 SX Automatic,Mileage14.8 kmpl,Engine1591 CC,Max Power121.3 bhp,Torque151NM@ 4850rpm,Wheel SizeN/A,Seats5,,
274,2018Hyundai i20 2015-2017 Asta Option 1.4 CRDi,hyundai,7.85 Lakh*,2018,Dealer,"16,636 kms",Second Owner,Diesel,Manual,Mileage22.54 kmpl,Engine1396 CC,Max Power88.73 bhp,Torque219.7Nm@ 1500-2750rpm,Wheel SizeN/A,Seats5,,,
275,2016Hyundai Creta 1.6 CRDi AT SX Plus,hyundai,11.5 Lakh*,2016,Dealer,"25,000 kms",Second Owner,Diesel,Automatic,Variant -  1.6 CRDi AT SX Plus,Mileage17.01 kmpl,Engine1582 CC,Max Power126.2 bhp,Torque259.9Nm@ 1900-2750rpm,Wheel SizeN/A,Seats5,,
276,2017Hyundai Grand i10 Sportz,hyundai,5.85 Lakh*,2017,Dealer,"9,344 kms",First Owner,Petrol,Manual,Mileage18.9 kmpl,Engine1197 CC,Max Power82 bhp,Torque114Nm@ 4000rpm,Wheel Size14,Seats5,,,
277,2017Hyundai Elite i20 Petrol Sportz,hyundai,6.75 Lakh*,2017,Dealer,"16,000 kms",First Owner,Petrol,Manual,Mileage18.6 kmpl,Engine1197 CC,Max Power81.86 bhp,Torque114.73nm@ 4000rpm,Wheel Size14,Seats5,,,
278,2012Hyundai i20 Asta 1.4 CRDi,hyundai,4.95 Lakh*,2012,Dealer,"29,690 kms",First Owner,Diesel,Manual,Mileage21.27 kmpl,Engine1396 CC,Max Power88.76 bhp,Torque219.6Nm@ 1500-2750rpm,Wheel SizeN/A,Seats5,,,
279,2016Hyundai Creta 1.6 SX,hyundai,10.23 Lakh*,2016,Dealer,"28,000 kms",First Owner,Petrol,Manual,Mileage15.8 kmpl,Engine1591 CC,Max Power121.3 bhp,Torque151Nm@ 4850rpm,Wheel SizeN/A,Seats5,,,
280,2018Hyundai Verna 1.6 CRDI SX Option,hyundai,11.25 Lakh*,2018,Dealer,"33,000 kms",First Owner,Diesel,Manual,Variant -  1.6 CRDI SX Option,Mileage23.9 kmpl,Engine1582 CC,Max Power126.2 bhp,Torque259.9Nm@ 1900-2750rpm,Wheel SizeN/A,Seats5,,
281,2017Hyundai Creta 1.6 VTVT AT SX Plus,hyundai,12.15 Lakh*,2017,Dealer,"36,900 kms",First Owner,Petrol,Automatic,Mileage13.0 kmpl,Engine1591 CC,Max Power121.3 bhp,Torque151Nm@ 4850rpm,Wheel SizeN/A,Seats5,,,
282,2015Hyundai Creta 1.6 CRDi SX,hyundai,10.5 Lakh*,2015,Dealer,"46,000 kms",First Owner,Diesel,Manual,Mileage19.67 kmpl,Engine1582 CC,Max Power126.2 bhp,Torque259.9Nm@ 1900-2750rpm,Wheel SizeN/A,Seats5,,,
283,2017Hyundai Tucson 2.0 Dual VTVT 2WD AT GL,hyundai,16.5 Lakh*,2017,Dealer,"42,751 kms",First Owner,Petrol,Automatic,Mileage12.95 kmpl,Engine1999 CC,Max Power152.88 bhp,Torque192.21Nm@ 4000rpm,Wheel SizeN/A,Seats5,,,
284,2017Hyundai Grand i10 1.2 CRDi Sportz,hyundai,5.65 Lakh*,2017,Dealer,"54,138 kms",First Owner,Diesel,Manual,Mileage24.0 kmpl,Engine1186 CC,Max Power73.97 bhp,Torque190.24nm@ 1750-2250rpm,Wheel Size14,Seats5,,,
285,2016Hyundai Grand i10 Asta Option AT,hyundai,6.25 Lakh*,2016,Dealer,"23,000 kms",First Owner,Petrol,Automatic,Mileage18.9 kmpl,Engine1197 CC,Max Power82 bhp,Torque114Nm@ 4000rpm,Wheel SizeN/A,Seats5,,,
286,2018Hyundai Grand i10 1.2 Kappa Sportz BSIV,hyundai,5.99 Lakh*,2018,Dealer,"19,576 kms",First Owner,Petrol,Manual,Mileage18.9 kmpl,Engine1197 CC,Max Power81.86 bhp,Torque113.75nm@ 4000rpm,Wheel Size14,Seats5,,,
287,2012Hyundai Verna 1.6 CRDi EX MT,hyundai,5.5 Lakh*,2012,Dealer,"57,000 kms",First Owner,Diesel,Manual,Mileage22.32 kmpl,Engine1582 CC,Max Power126.3 bhp,Torque259.9Nm@ 1900-2750rpm,Wheel SizeN/A,Seats5,,,
288,2010Hyundai i10 Magna AT,hyundai,2.75 Lakh*,2010,Dealer,"80,000 kms",Second Owner,Petrol,Automatic,Mileage19.2 kmpl,Engine1197 CC,Max Power80 bhp,"Torque11.4@ 4,000(kgm@ rpm)",Wheel SizeN/A,Seats5,,,
289,2010Hyundai i20 Magna Optional 1.4 CRDi,hyundai,3.95 Lakh*,2010,Dealer,"22,000 kms",First Owner,Diesel,Manual,Mileage21.9 kmpl,Engine1396 CC,Max Power88.8 bhp,Torque219.7Nm@ 1500-2750rpm,Wheel SizeN/A,Seats5,,,
290,2012Hyundai Verna 1.6 CRDI,hyundai,5.5 Lakh*,2012,Dealer,"52,000 kms",First Owner,Diesel,Manual,Mileage22.32 kmpl,Engine1582 CC,Max Power126.3 bhp,Torque259.9Nm@ 1900-2750rpm,Wheel SizeN/A,Seats5,,,
291,2010Hyundai i10 Magna 1.2,hyundai,2.75 Lakh*,2010,Dealer,"72,000 kms",First Owner,Petrol,Manual,Mileage20.36 kmpl,Engine1197 CC,Max Power78.9 bhp,Torque111.7Nm@ 4000rpm,Wheel SizeN/A,Seats5,,,
292,2014Hyundai Grand i10 AT Asta,hyundai,5.25 Lakh*,2014,Dealer,"59,571 kms",First Owner,Petrol,Automatic,Mileage18.9 kmpl,Engine1197 CC,Max Power82 bhp,Torque114Nm@ 4000rpm,Wheel SizeN/A,Seats5,,,
293,2011Hyundai Verna VTVT 1.6 SX,hyundai,5.25 Lakh*,2011,Dealer,"42,000 kms",Second Owner,Petrol,Manual,Mileage17.0 kmpl,Engine1591 CC,Max Power121.3 bhp,Torque151Nm@ 4850rpm,Wheel SizeN/A,Seats5,,,
294,2015Hyundai i20 Asta 1.2,hyundai,6.25 Lakh*,2015,Dealer,"59,000 kms",Second Owner,Petrol,Manual,Mileage18.6 kmpl,Engine1197 CC,Max Power81.83 bhp,Torque114.7Nm@ 4000rpm,Wheel SizeN/A,Seats5,,,
295,2017Hyundai Creta 1.6 CRDi AT SX Plus,hyundai,13.85 Lakh*,2017,Dealer,"37,818 kms",First Owner,Diesel,Automatic,Mileage17.01 kmpl,Engine1582 CC,Max Power126.2 bhp,Torque259.9Nm@ 1900-2750rpm,Wheel SizeN/A,Seats5,,,
296,2010Hyundai i20 Sportz 1.2,hyundai,3.45 Lakh*,2010,Dealer,"80,000 kms",Second Owner,Petrol,Manual,Mileage18.5 kmpl,Engine1197 CC,Max Power82.85 bhp,Torque113.7Nm@ 4000rpm,Wheel SizeN/A,Seats5,,,
297,2011Hyundai i20 2015-2017 Sportz Option 1.4 CRDi,hyundai,3.65 Lakh*,2011,Dealer,"80,000 kms",First Owner,Diesel,Manual,Mileage22.54 kmpl,Engine1396 CC,Max Power88.73 bhp,Torque219.7Nm@ 1500-2750rpm,Wheel SizeN/A,Seats5,,,
298,2012Hyundai i20 1.2 Asta with AVN,hyundai,5.35 Lakh*,2012,Dealer,"47,000 kms",First Owner,Petrol,Manual,Mileage17.0 kmpl,Engine1197 CC,Max Power80 bhp,"Torque11.4 kgm at 4,000 rpm",Wheel SizeN/A,Seats5,,,
299,2015Hyundai Grand i10 Asta Option AT,hyundai,5.75 Lakh*,2015,Dealer,"60,000 kms",First Owner,Petrol,Automatic,Mileage18.9 kmpl,Engine1197 CC,Max Power82 bhp,Torque114Nm@ 4000rpm,Wheel SizeN/A,Seats5,,,
300,2019Hyundai Verna 1.6 SX VTVT (O) AT,hyundai,13.5 Lakh*,2019,Dealer,"4,000 kms",First Owner,Petrol,Automatic,Mileage17.1 kmpl,Engine1591 CC,Max Power121.4 bhp,Torque154.9Nm@ 4200rpm,Wheel SizeN/A,Seats5,,,
301,2019Hyundai i20 Sportz Option 1.2,hyundai,7.97 Lakh*,2019,Dealer,"16,159 kms",First Owner,Petrol,Manual,Mileage18.6 kmpl,Engine1197 CC,Max Power81.83 bhp,Torque114.7Nm@ 4000rpm,Wheel SizeN/A,Seats5,,,
302,2018Hyundai Grand i10 1.2 Kappa Sportz AT,hyundai,6.95 Lakh*,2018,Dealer,"10,652 kms",First Owner,Petrol,Automatic,Mileage18.9 kmpl,Engine1197 CC,Max Power81.86 bhp,Torque113.75nm@ 4000rpm,Wheel SizeN/A,Seats5,,,
303,2016Hyundai EON Era Plus,hyundai,3.15 Lakh*,2016,Dealer,"37,000 kms",Second Owner,Petrol,Manual,Mileage21.1 kmpl,Engine814 CC,Max Power55.2 bhp,Torque74.5Nm@ 4000rpm,Wheel Size12,Seats5,,,
304,2019Hyundai Elantra CRDi SX,hyundai,17.99 Lakh*,2019,Dealer,"5,455 kms",First Owner,Diesel,Manual,Mileage22.7 kmpl,Engine1582 CC,Max Power126.2 bhp,Torque259.88Nm@ 1900-2750rpm,Wheel SizeN/A,Seats5,,,
305,2019Hyundai Grand i10 1.2 Kappa Sportz BSIV,hyundai,6.76 Lakh*,2019,Dealer,"3,848 kms",First Owner,Petrol,Manual,Mileage18.9 kmpl,Engine1197 CC,Max Power81.86 bhp,Torque113.75nm@ 4000rpm,Wheel Size14,Seats5,,,
306,2010Hyundai i10 Magna 1.2 iTech SE,hyundai,3.35 Lakh*,2010,Dealer,"47,000 kms",First Owner,Petrol,Manual,Mileage20.36 kmpl,Engine1197 CC,Max Power78.9 bhp,Torque111.7Nm@ 4000rpm,Wheel SizeN/A,Seats5,,,
307,2014Hyundai EON 1.0 Era Plus,hyundai,3.1 Lakh*,2014,Dealer,"10,000 kms",Second Owner,Petrol,Manual,Mileage20.3 kmpl,Engine998 CC,Max Power68.05 bhp,Torque94.14Nm@ 3500rpm,Wheel Size13,Seats5,,,
308,2014Hyundai EON Era Plus,hyundai,3.09 Lakh*,2014,Dealer,"10,000 kms",Second Owner,Petrol,Manual,Mileage21.1 kmpl,Engine814 CC,Max Power55.2 bhp,Torque74.5Nm@ 4000rpm,Wheel Size12,Seats5,,,
309,2014Hyundai EON 1.0 Era Plus,hyundai,3.1 Lakh*,2014,Dealer,"10,000 kms",Second Owner,Petrol,Manual,Mileage20.3 kmpl,Engine998 CC,Max Power68.05 bhp,Torque94.14Nm@ 3500rpm,Wheel Size13,Seats5,,,
310,2011Hyundai i10 Sportz AT,hyundai,3.75 Lakh*,2011,Dealer,"75,000 kms",First Owner,Petrol,Automatic,Variant -  Sportz AT,Mileage16.95 kmpl,Engine1197 CC,Max Power78.9 bhp,Torque111.8Nm@ 4000rpm,Wheel SizeN/A,Seats5,,
311,2015Hyundai EON Magna Plus,hyundai,3.3 Lakh*,2015,Dealer,"70,000 kms",First Owner,Petrol,Manual,Mileage21.1 kmpl,Engine814 CC,Max Power55.2 bhp,Torque74.5Nm@ 4000rpm,Wheel Size13,Seats5,,,
312,2009Hyundai i10 Sportz AT,hyundai,3.15 Lakh*,2009,Dealer,"76,600 kms",First Owner,Petrol,Automatic,Mileage16.95 kmpl,Engine1197 CC,Max Power78.9 bhp,Torque111.8Nm@ 4000rpm,Wheel SizeN/A,Seats5,,,
313,2014Hyundai Verna SX,hyundai,6.3 Lakh*,2014,Dealer,"25,000 kms",Second Owner,Petrol,Manual,Variant -  SX,Mileage17.7 kmpl,Engine1497 CC,Max Power113.42 bhp,Torque144.15nm@ 4500rpm,Wheel SizeN/A,Seats5,,
314,2008Hyundai Santro Xing GLS,hyundai,2.25 Lakh*,2008,Dealer,"68,000 kms",Second Owner,Petrol,Manual,Mileage17.92 kmpl,Engine1086 CC,Max Power62.1 bhp,Torque96.1Nm@ 3000rpm,Wheel SizeN/A,Seats5,,,
315,2011Hyundai i10 Sportz 1.2,hyundai,3.49 Lakh*,2011,Dealer,"72,000 kms",Second Owner,Petrol,Manual,Mileage20.36 kmpl,Engine1197 CC,Max Power78.9 bhp,Torque111.8Nm@ 4000rpm,Wheel SizeN/A,Seats5,,,
316,2011Hyundai i10 Sportz 1.2,hyundai,3.5 Lakh*,2011,Dealer,"72,000 kms",Second Owner,Petrol,Manual,Variant -  Sportz 1.2,Mileage20.36 kmpl,Engine1197 CC,Max Power78.9 bhp,Torque111.8Nm@ 4000rpm,Wheel SizeN/A,Seats5,,
317,2007Hyundai Santro Xing GL,hyundai,1.85 Lakh*,2007,Dealer,"70,000 kms",Second Owner,Petrol,Manual,Mileage0.0 kmpl,Engine1086 CC,Max Power62 bhp,Torque96.1Nm@ 3000rpm,Wheel SizeN/A,Seats5,,,
318,2016Hyundai i20 Magna Plus,hyundai,6.45 Lakh*,2016,Dealer,"41,905 kms",First Owner,Petrol,Manual,Mileage18.6 kmpl,Engine1197 CC,Max Power81.86 bhp,Torque117nm@ 4000rpm,Wheel Size14,Seats5,,,
319,2006Hyundai Santro Xing GLS AT,hyundai,1.85 Lakh*,2006,Dealer,"50,000 kms",Third Owner,Petrol,Automatic,Mileage17.8 kmpl,Engine1086 CC,Max Power63 bhp,"Torque9.8@ 3,000(kgm@ rpm)",Wheel SizeN/A,Seats5,,,
320,2009Hyundai i10 Magna,hyundai,2.95 Lakh*,2009,Dealer,"75,000 kms",First Owner,Petrol,Manual,Mileage20.36 kmpl,Engine1197 CC,Max Power78.9 bhp,Torque111.7Nm@ 4000rpm,Wheel SizeN/A,Seats5,,,
321,2007Hyundai Santro DX,hyundai,2.6 Lakh*,2007,Individual,"10,000 kms",First Owner,Petrol,Manual,Variant -  DX,Mileage0.0 kmpl,Engine999 CC,Max Powernull bhp,TorqueN/A,Wheel SizeN/A,Seats5,,
322,2016Hyundai Santa Fe 2WD MT,hyundai,18.25 Lakh*,2016,Dealer,"32,000 kms",First Owner,Diesel,Manual,Mileage14.74 kmpl,Engine2199 CC,Max Power194.3 bhp,Torque420.7Nm@ 1800-2500rpm,Wheel SizeN/A,Seats7,,,
323,2014Hyundai Santa Fe 2WD AT,hyundai,15.45 Lakh*,2014,Dealer,"80,854 kms",First Owner,Diesel,Automatic,Mileage13.01 kmpl,Engine2199 CC,Max Power194.3 bhp,Torque436.39Nm@ 1800-2500rpm,Wheel SizeN/A,Seats7,,,
324,2006Hyundai Accent GLE,hyundai,1.75 Lakh*,2006,Dealer,"76,000 kms",Second Owner,Petrol,Manual,Mileage13.2 kmpl,Engine1495 CC,Max Power94 bhp,"Torque12.5@ 3,500(kgm@ rpm)",Wheel Size13 x 5J,Seats5,,,
325,2018Volkswagen Polo 1.5 TDI Highline,Volkswagen,8.75 Lakh*,2018,Dealer,"15,000 kms",First Owner,Diesel,Manual,Mileage20.14 kmpl,Engine1498 CC,Max Power88.8 bhp,Torque230Nm@ 1500-2500rpm,Wheel SizeN/A,Seats5,,,
326,2017Volkswagen Ameo 1.5 TDI Comfortline,Volkswagen,5.6 Lakh*,2017,Dealer,"82,000 kms",First Owner,Diesel,Manual,Mileage21.66 kmpl,Engine1498 CC,Max Power108.62 bhp,Torque250Nm@ 1500-3000rpm,Wheel Size14,Seats5,,,
327,2011Volkswagen Passat 2.0 TDI AT Highline,Volkswagen,7.5 Lakh*,2011,Dealer,"1,35,000 kms",First Owner,Diesel,Automatic,Mileage17.42 kmpl,Engine1968 CC,Max Power175 bhp,Torque350Nm@ 1500-3500rpm,Wheel SizeN/A,Seats5,,,
328,2015Volkswagen Polo 2015-2019 1.5 TDI Highline,Volkswagen,5.95 Lakh*,2015,Dealer,"58,125 kms",First Owner,Diesel,Manual,Mileage20.14 kmpl,Engine1498 CC,Max Power88 bhp,Torque230Nm@ 1500-2500rpm,Wheel SizeN/A,Seats5,,,
329,2018Volkswagen Polo 2015-2019 GT TSI,Volkswagen,9.5 Lakh*,2018,Dealer,"26,000 kms",First Owner,Petrol,Automatic,Mileage17.21 kmpl,Engine1197 CC,Max Power103.5 bhp,Torque175Nm@ 1500-4100rpm,Wheel SizeN/A,Seats5,,,
330,2014Volkswagen Polo GT TSI,Volkswagen,6.25 Lakh*,2014,Dealer,"39,000 kms",Second Owner,Petrol,Automatic,Mileage17.2 kmpl,Engine1197 CC,Max Power103.6 bhp,Torque175Nm@ 1500-4100rpm,Wheel SizeN/A,Seats5,,,
331,2017Volkswagen Polo 2015-2019 GT TSI,Volkswagen,8.25 Lakh*,2017,Dealer,"48,149 kms",First Owner,Petrol,Automatic,Mileage17.21 kmpl,Engine1197 CC,Max Power103.5 bhp,Torque175Nm@ 1500-4100rpm,Wheel SizeN/A,Seats5,,,
332,2016Volkswagen Ameo 1.2 MPI Comfortline,Volkswagen,6.25 Lakh*,2016,Dealer,"7,000 kms",First Owner,Petrol,Manual,Mileage17.0 kmpl,Engine1198 CC,Max Power73.75 bhp,Torque110Nm@ 3750rpm,Wheel Size15,Seats5,,,
333,2013Volkswagen Polo GT TSI BSIV,Volkswagen,5.75 Lakh*,2013,Dealer,"55,915 kms",First Owner,Petrol,Automatic,Mileage0.0 kmpl,Engine1197 CC,Max Power103.25 bhp,Torque175nm@ 1500-4100rpm,Wheel SizeN/A,Seats5,,,
334,2017Volkswagen Ameo 1.2 MPI Highline 16 Alloy,Volkswagen,6.35 Lakh*,2017,Dealer,"9,095 kms",First Owner,Petrol,Manual,Mileage17.0 kmpl,Engine1198 CC,Max Power74 bhp,Torque110Nm@ 3750rpm,Wheel SizeN/A,Seats5,,,
335,2016Volkswagen Ameo 1.0 MPI Comfortline,Volkswagen,6 Lakh*,2016,Dealer,"7,000 kms",First Owner,Petrol,Manual,Mileage19.44 kmpl,Engine999 CC,Max Power75 bhp,Torque95Nm@ 3000-4300rpm,Wheel Size15,Seats5,,,
336,2017Volkswagen Polo 1.2 MPI Comfortline,Volkswagen,6.25 Lakh*,2017,Dealer,"30,000 kms",First Owner,Petrol,Manual,Mileage16.2 kmpl,Engine1199 CC,Max Power74 bhp,Torque110Nm@ 3000-4300rpm,Wheel Size15,Seats5,,,
337,2018Volkswagen Polo Petrol Highline 1.2L,Volkswagen,7.85 Lakh*,2018,Dealer,"34,000 kms",First Owner,Petrol,Manual,Mileage16.47 kmpl,Engine1198 CC,Max Power73.9 bhp,Torque110Nm@ 3750rpm,Wheel SizeN/A,Seats5,,,
338,2012Volkswagen Polo Diesel Comfortline 1.2L,Volkswagen,3.75 Lakh*,2012,Dealer,"92,000 kms",First Owner,Diesel,Manual,Mileage22.07 kmpl,Engine1199 CC,Max Power73.9 bhp,Torque180Nm@ 2000rpm,Wheel SizeN/A,Seats5,,,
339,2012Volkswagen Polo 1.5 TDI Comfortline,Volkswagen,3.5 Lakh*,2012,Dealer,"67,000 kms",Second Owner,Diesel,Manual,Mileage20.14 kmpl,Engine1498 CC,Max Power88 bhp,Torque230Nm@ 1500-2500rpm,Wheel Size15,Seats5,,,
340,2016Volkswagen Polo 2015-2019 1.2 MPI Highline,Volkswagen,5.8 Lakh*,2016,Dealer,"66,160 kms",First Owner,Petrol,Manual,Mileage16.2 kmpl,Engine1199 CC,Max Power74 bhp,Torque110Nm@ 3000-4300rpm,Wheel SizeN/A,Seats5,,,
341,2014Volkswagen Polo GT TSI,Volkswagen,6.4 Lakh*,2014,Dealer,"66,000 kms",First Owner,Petrol,Automatic,Mileage17.2 kmpl,Engine1197 CC,Max Power103.6 bhp,Torque175Nm@ 1500-4100rpm,Wheel SizeN/A,Seats5,,,
342,2018Volkswagen Polo 2015-2019 GT TSI,Volkswagen,9.85 Lakh*,2018,Dealer,"26,193 kms",First Owner,Petrol,Automatic,Mileage17.21 kmpl,Engine1197 CC,Max Power103.5 bhp,Torque175Nm@ 1500-4100rpm,Wheel SizeN/A,Seats5,,,
343,2015Volkswagen Polo 2015-2019 GT TSI,Volkswagen,6.5 Lakh*,2015,Dealer,"56,000 kms",Second Owner,Petrol,Automatic,Mileage17.21 kmpl,Engine1197 CC,Max Power103.5 bhp,Torque175Nm@ 1500-4100rpm,Wheel SizeN/A,Seats5,,,
344,2016Volkswagen Polo 2015-2019 1.5 TDI Highline,Volkswagen,6.55 Lakh*,2016,Dealer,"63,000 kms",First Owner,Diesel,Manual,Mileage20.14 kmpl,Engine1498 CC,Max Power88 bhp,Torque230Nm@ 1500-2500rpm,Wheel SizeN/A,Seats5,,,
345,2015Volkswagen Polo GT TDI,Volkswagen,6.5 Lakh*,2015,Dealer,"68,000 kms",First Owner,Diesel,Manual,Mileage15.11 kmpl,Engine1598 CC,Max Power103.6 bhp,Torque250Nm@ 1500-2500rpm,Wheel Size6Jx15 ,Seats5,,,
346,2013Volkswagen Vento 1.5 TDI Highline,Volkswagen,5.45 Lakh*,2013,Dealer,"70,000 kms",First Owner,Diesel,Manual,Mileage20.34 kmpl,Engine1498 CC,Max Power103.2 bhp,Torque250Nm@ 1500-2500rpm,Wheel SizeN/A,Seats5,,,
347,2014Volkswagen GTI 1.8 TSI,Volkswagen,6.85 Lakh*,2014,Dealer,"50,000 kms",First Owner,Petrol,Automatic,Mileage16.34 kmpl,Engine1798 CC,Max Power189.3 bhp,Torque250Nm@ 1250-5300rpm,Wheel SizeN/A,Seats5,,,
348,2016Volkswagen Vento 1.2 TSI Highline Plus AT,Volkswagen,9.65 Lakh*,2016,Dealer,"18,903 kms",First Owner,Petrol,Automatic,Mileage18.19 kmpl,Engine1197 CC,Max Power103.2 bhp,Torque175Nm@ 1500-4100rpm,Wheel SizeN/A,Seats5,,,
349,2012Volkswagen Vento 1.5 TDI Highline,Volkswagen,4.75 Lakh*,2012,Dealer,"67,000 kms",First Owner,Diesel,Manual,Mileage22.27 kmpl,Engine1498 CC,Max Power108.6 bhp,Torque250Nm@ 1500-3000rpm,Wheel SizeN/A,Seats5,,,
350,2010Volkswagen Polo Diesel Highline 1.2L,Volkswagen,3.1 Lakh*,2010,Dealer,"1,42,665 kms",Second Owner,Diesel,Manual,Mileage22.07 kmpl,Engine1199 CC,Max Power73.9 bhp,Torque180Nm@ 2000rpm,Wheel SizeN/A,Seats5,,,
351,2016Volkswagen Vento 1.5 TDI Highline,Volkswagen,7.1 Lakh*,2016,Dealer,"55,000 kms",First Owner,Diesel,Manual,Mileage20.34 kmpl,Engine1498 CC,Max Power103.2 bhp,Torque250Nm@ 1500-2500rpm,Wheel SizeN/A,Seats5,,,
352,2013Volkswagen Vento 1.6 Highline,Volkswagen,5.95 Lakh*,2013,Dealer,"38,000 kms",First Owner,Petrol,Manual,Mileage15.04 kmpl,Engine1598 CC,Max Power103.2 bhp,Torque153Nm@ 3800rpm,Wheel SizeN/A,Seats5,,,
353,2014Volkswagen Polo 1.5 TDI Highline,Volkswagen,5.1 Lakh*,2014,Dealer,"89,000 kms",Second Owner,Diesel,Manual,Mileage20.14 kmpl,Engine1498 CC,Max Power88.8 bhp,Torque230Nm@ 1500-2500rpm,Wheel SizeN/A,Seats5,,,
354,2017Volkswagen Vento 1.5 TDI Highline Plus,Volkswagen,9.5 Lakh*,2017,Dealer,"30,000 kms",First Owner,Diesel,Manual,Mileage20.64 kmpl,Engine1498 CC,Max Power108.49 bhp,Torque250Nm@ 1500-3000rpm,Wheel SizeN/A,Seats5,,,
355,2019Volkswagen Vento 1.2 TSI Highline Plus AT,Volkswagen,11.95 Lakh*,2019,Individual,"7,000 kms",First Owner,Petrol,Automatic,Mileage18.19 kmpl,Engine1197 CC,Max Power103.2 bhp,Torque175Nm@ 1500-4100rpm,Wheel SizeN/A,Seats5,,,
356,2015Volkswagen Polo 1.2 MPI Comfortline,Volkswagen,5.15 Lakh*,2015,Dealer,"73,000 kms",Second Owner,Petrol,Manual,Mileage16.47 kmpl,Engine1198 CC,Max Power74 bhp,Torque110Nm@ 3750rpm,Wheel Size15,Seats5,,,
357,2019Volkswagen Polo 1.0 MPI Comfortline Plus,Volkswagen,6.9 Lakh*,2019,Dealer,"45,000 kms",First Owner,Petrol,Manual,Mileage17.75 kmpl,Engine999 CC,Max Power75.10 bhp,Torque95Nm@ 2950-3800rpm,Wheel SizeN/A,Seats5,,,
358,2011Volkswagen Polo 2015-2019 1.5 TDI Highline,Volkswagen,3.95 Lakh*,2011,Dealer,"72,000 kms",First Owner,Diesel,Manual,Mileage20.14 kmpl,Engine1498 CC,Max Power88 bhp,Torque230Nm@ 1500-2500rpm,Wheel SizeN/A,Seats5,,,
359,2013Volkswagen Vento Petrol Highline,Volkswagen,5.38 Lakh*,2013,Dealer,"50,000 kms",Second Owner,Petrol,Manual,Mileage15.04 kmpl,Engine1598 CC,Max Power103.6 bhp,Torque153Nm@ 3800rpm,Wheel SizeN/A,Seats5,,,
360,2011Volkswagen Vento 1.5 TDI Trendline,Volkswagen,4.25 Lakh*,2011,Dealer,"64,000 kms",First Owner,Diesel,Manual,Mileage20.34 kmpl,Engine1498 CC,Max Power103.2 bhp,Torque250Nm@ 1500-2500rpm,Wheel SizeN/A,Seats5,,,
361,2014Volkswagen Polo 1.5 TDI Comfortline,Volkswagen,5.4 Lakh*,2014,Dealer,"52,000 kms",Second Owner,Diesel,Manual,Mileage20.14 kmpl,Engine1498 CC,Max Power88.8 bhp,Torque230Nm@ 1500-2500rpm,Wheel Size15,Seats5,,,
362,2015Volkswagen Polo 1.5 TDI Comfortline,Volkswagen,6.5 Lakh*,2015,Dealer,"34,000 kms",First Owner,Diesel,Manual,Mileage20.14 kmpl,Engine1498 CC,Max Power88.8 bhp,Torque230Nm@ 1500-2500rpm,Wheel Size15,Seats5,,,
363,2012Volkswagen Polo Diesel Comfortline 1.2L,Volkswagen,4.6 Lakh*,2012,Dealer,"80,000 kms",First Owner,Diesel,Manual,Mileage22.07 kmpl,Engine1199 CC,Max Power73.9 bhp,Torque180Nm@ 2000rpm,Wheel SizeN/A,Seats5,,,
364,2007Volkswagen Caraville 2.0 TDI,Volkswagen,17.5 Lakh*,2007,Dealer,"73,000 kms",Second Owner,Diesel,Automatic,Mileage10.0 kmpl,Engine1968 CC,Max Powernull bhp,TorqueN/A,Wheel SizeN/A,Seats7,,,
365,2018Volkswagen Passat Highline DSG,Volkswagen,30.45 Lakh*,2018,Dealer,"16,655 kms",First Owner,Diesel,Automatic,Mileage14.3 kmpl,Engine1968 CC,Max Power140 bhp,"Torque36.6@ 1,750-2,500(kgm@ rpm)",Wheel Size7 J x 16,Seats5,,,
366,2016Volkswagen Polo 1.2 MPI Comfortline,Volkswagen,5.75 Lakh*,2016,Dealer,"45,000 kms",First Owner,Petrol,Manual,Mileage16.47 kmpl,Engine1198 CC,Max Power74 bhp,Torque110Nm@ 3750rpm,Wheel Size15,Seats5,,,
367,2015Volkswagen Vento 1.5 TDI Highline Plus,Volkswagen,6.95 Lakh*,2015,Dealer,"55,000 kms",First Owner,Diesel,Manual,Variant -  1.5 TDI Highline Plus,Mileage20.64 kmpl,Engine1498 CC,Max Power108.49 bhp,Torque250Nm@ 1500-3000rpm,Wheel SizeN/A,Seats5,,
368,2011Volkswagen Jetta 2.0L TDI Highline AT,Volkswagen,7.5 Lakh*,2011,Dealer,"84,000 kms",Second Owner,Diesel,Automatic,Variant -  2.0L TDI Highline AT,Mileage16.96 kmpl,Engine1968 CC,Max Power138.03 bhp,Torque320Nm@ 1750-2500rpm,Wheel SizeN/A,Seats5,,
369,2015Volkswagen Polo 2015-2019 GT TSI,Volkswagen,6.75 Lakh*,2015,Dealer,"46,000 kms",Second Owner,Petrol,Automatic,Mileage17.21 kmpl,Engine1197 CC,Max Power103.5 bhp,Torque175Nm@ 1500-4100rpm,Wheel SizeN/A,Seats5,,,
370,2010Volkswagen Phaeton 3.6,Volkswagen,25 Lakh*,2010,Dealer,"51,000 kms",First Owner,Petrol,Automatic,Mileage12.8 kmpl,Engine3597 CC,Max Power276 bhp,Torque370Nm@ 3500rpm,Wheel SizeN/A,Seats5,,,
371,2012Volkswagen Passat Diesel Comfortline 2.0 TDI,Volkswagen,12.25 Lakh*,2012,Dealer,"32,508 kms",Second Owner,Diesel,Manual,Variant -  Diesel Comfortline 2.0 TDI,Mileage18.33 kmpl,Engine1968 CC,Max Power167.7 bhp,Torque350Nm@ 1750-2500rpm,Wheel Size7J X 16 ,Seats5,,
372,2015Volkswagen Polo 1.0 MPI Comfortline Plus,Volkswagen,5.35 Lakh*,2015,Dealer,"74,000 kms",First Owner,Petrol,Manual,Variant -  1.0 MPI Comfortline Plus,Mileage17.75 kmpl,Engine999 CC,Max Power75.10 bhp,Torque95Nm@ 2950-3800rpm,Wheel SizeN/A,Seats5,,
373,2013Volkswagen Vento Diesel Highline,Volkswagen,5.25 Lakh*,2013,Dealer,"76,000 kms",First Owner,Diesel,Manual,Mileage20.54 kmpl,Engine1598 CC,Max Power103.6 bhp,Torque250Nm@ 1500-2500rpm,Wheel SizeN/A,Seats5,,,
374,2011Volkswagen Vento Petrol Highline AT,Volkswagen,4.45 Lakh*,2011,Dealer,"70,573 kms",Second Owner,Petrol,Automatic,Variant -  Petrol Highline AT,Mileage14.4 kmpl,Engine1598 CC,Max Power103.6 bhp,Torque153Nm@ 3800rpm,Wheel SizeN/A,Seats5,,
375,2015Volkswagen Polo 1.5 TDI Comfortline,Volkswagen,5.5 Lakh*,2015,Dealer,"74,000 kms",Second Owner,Diesel,Manual,Variant -  1.5 TDI Comfortline,Mileage20.14 kmpl,Engine1498 CC,Max Power88 bhp,Torque230Nm@ 1500-2500rpm,Wheel Size15,Seats5,,
376,2013Volkswagen Polo Diesel Comfortline 1.2L,Volkswagen,4.75 Lakh*,2013,Dealer,"83,000 kms",Second Owner,Diesel,Manual,Mileage22.07 kmpl,Engine1199 CC,Max Power73.9 bhp,Torque180Nm@ 2000rpm,Wheel SizeN/A,Seats5,,,
377,2018Volkswagen Polo 2015-2019 1.0 MPI Highline,Volkswagen,7.95 Lakh*,2018,Dealer,"12,520 kms",First Owner,Petrol,Manual,Mileage18.78 kmpl,Engine999 CC,Max Power75 bhp,Torque95Nm@ 3000-4300rpm,Wheel SizeN/A,Seats5,,,
378,2013Volkswagen Vento 1.6 Comfortline,Volkswagen,4.15 Lakh*,2013,Dealer,"69,000 kms",First Owner,Petrol,Manual,Variant -  1.6 Comfortline,Mileage16.09 kmpl,Engine1598 CC,Max Power103.2 bhp,Torque153Nm@ 3800rpm,Wheel Size15,Seats5,,
379,2013Volkswagen Polo Petrol Highline 1.2L,Volkswagen,4.75 Lakh*,2013,Individual,"52,000 kms",First Owner,Petrol,Manual,Mileage16.47 kmpl,Engine1198 CC,Max Power73.9 bhp,Torque110Nm@ 3750rpm,Wheel SizeN/A,Seats5,,,
380,2018Volkswagen Polo 1.2 MPI Comfortline,Volkswagen,6 Lakh*,2018,Individual,"40,000 kms",Second Owner,Petrol,Manual,Variant -  1.2 MPI Comfortline,Mileage16.2 kmpl,Engine1199 CC,Max Power74 bhp,Torque110Nm@ 3000-4300rpm,Wheel Size15,Seats5,,
381,2010Volkswagen Vento Diesel Highline,Volkswagen,3 Lakh*,2010,Individual,"1,00,000 kms",Second Owner,Diesel,Manual,Mileage20.54 kmpl,Engine1598 CC,Max Power103.6 bhp,Torque250Nm@ 1500-2500rpm,Wheel SizeN/A,Seats5,,,
382,2018Volkswagen Polo 2015-2019 1.2 MPI Highline Plus,Volkswagen,7.2 Lakh*,2018,Individual,"35,000 kms",First Owner,Petrol,Manual,Mileage16.2 kmpl,Engine1199 CC,Max Power74 bhp,Torque110Nm@ 3000-4300rpm,Wheel SizeN/A,Seats5,,,
383,2017Volkswagen Polo 2015-2019 GT 1.5 TDI,Volkswagen,8 Lakh*,2017,Individual,"45,000 kms",First Owner,Diesel,Manual,Mileage21.49 kmpl,Engine1498 CC,Max Power108.5 bhp,Torque250nm@ 1500-3000rpm,Wheel SizeN/A,Seats5,,,
384,2014Volkswagen Polo GT TDI,Volkswagen,6 Lakh*,2014,Individual,"56,000 kms",First Owner,Diesel,Manual,Mileage15.11 kmpl,Engine1598 CC,Max Power103.6 bhp,Torque250Nm@ 1500-2500rpm,Wheel Size6Jx15 ,Seats5,,,
385,2015Ford EcoSport 1.5 TDCi Trend BSIV,Ford,7.2 Lakh*,2015,Individual,"70,000 kms",First Owner,Diesel,Manual,Mileage22.77 kmpl,Engine1498 CC,Max Power98.59 bhp,Torque205Nm@ 1750-3250rpm,Wheel Size15,Seats5,,,
386,2014Ford Ecosport 1.5 Petrol Titanium,Ford,6.45 Lakh*,2014,Dealer,"15,500 kms",First Owner,Petrol,Manual,Mileage15.9 kmpl,Engine1496 CC,Max Power120.69 bhp,Torque149Nm@ 4500rpm,Wheel SizeN/A,Seats5,,,
387,2018Ford Ecosport 1.5 Diesel Titanium Plus,Ford,10.5 Lakh*,2018,Dealer,"16,500 kms",First Owner,Diesel,Manual,Mileage21.7 kmpl,Engine1498 CC,Max Power98.96 bhp,Torque215Nm@ 1750-2500rpm,Wheel SizeN/A,Seats5,,,
388,2015Ford Figo 1.2P Titanium MT,Ford,4.85 Lakh*,2015,Dealer,"24,804 kms",First Owner,Petrol,Manual,Variant -  1.2P Titanium MT,Mileage18.16 kmpl,Engine1196 CC,Max Power86.8 bhp,Torque112Nm@ 4000rpm,Wheel SizeN/A,Seats5,,
389,2018Ford EcoSport 1.5 TDCi Titanium Plus BSIV,Ford,10.5 Lakh*,2018,Dealer,"16,456 kms",First Owner,Diesel,Manual,Mileage22.77 kmpl,Engine1498 CC,Max Power98.59 bhp,Torque205Nm@ 1750-3250rpm,Wheel SizeN/A,Seats5,,,
390,2018Ford EcoSport 1.5 TDCi Titanium Plus BSIV,Ford,9.45 Lakh*,2018,Dealer,"29,000 kms",First Owner,Diesel,Manual,Mileage22.77 kmpl,Engine1498 CC,Max Power98.59 bhp,Torque205Nm@ 1750-3250rpm,Wheel SizeN/A,Seats5,,,
391,2015Ford Ecosport 1.0 Ecoboost Titanium,Ford,6.85 Lakh*,2015,Dealer,"17,000 kms",Second Owner,Petrol,Manual,Mileage18.88 kmpl,Engine999 CC,Max Power123.37 bhp,Torque170Nm@ 1400-4500rpm,Wheel SizeN/A,Seats5,,,
392,2010Ford Fiesta EXi 1.4 TDCi Ltd,Ford,2 Lakh*,2010,Dealer,"14,900 kms",First Owner,Diesel,Manual,Mileage17.8 kmpl,Engine1399 CC,Max Power68 bhp,"Torque16.3@ 2,000(kgm@ rpm)",Wheel SizeN/A,Seats5,,,
393,2015Ford Ecosport 1.5 Ti VCT MT Ambiente,Ford,6.25 Lakh*,2015,Dealer,"39,893 kms",Second Owner,Petrol,Manual,Mileage15.8 kmpl,Engine1499 CC,Max Power110 bhp,Torque140Nm@ 4400rpm,Wheel Size15,Seats5,,,
394,2017Ford Ecosport 1.5 Ti VCT MT Titanium,Ford,9.43 Lakh*,2017,Dealer,"27,000 kms",First Owner,Petrol,Manual,Mileage15.8 kmpl,Engine1499 CC,Max Power110 bhp,Torque140Nm@ 4400rpm,Wheel SizeN/A,Seats5,,,
395,2016Ford Ecosport 1.5 Ti VCT MT Titanium,Ford,7.5 Lakh*,2016,Dealer,"26,121 kms",Second Owner,Petrol,Manual,Mileage15.8 kmpl,Engine1499 CC,Max Power110 bhp,Torque140Nm@ 4400rpm,Wheel SizeN/A,Seats5,,,
396,2015Ford Ecosport 1.0 Ecoboost Titanium Optional,Ford,7.88 Lakh*,2015,Dealer,"33,000 kms",First Owner,Petrol,Manual,Mileage18.88 kmpl,Engine999 CC,Max Power123.37 bhp,Torque170Nm@ 1400-4500rpm,Wheel SizeN/A,Seats5,,,
397,2016Ford Figo Titanium Diesel,Ford,6.1 Lakh*,2016,Dealer,"23,000 kms",First Owner,Diesel,Manual,Mileage24.4 kmpl,Engine1499 CC,Max Power98.96 bhp,Torque215Nm@ 1750-2500rpm,Wheel SizeN/A,Seats5,,,
398,2011Ford Figo Diesel Titanium,Ford,3.65 Lakh*,2011,Dealer,"47,661 kms",First Owner,Diesel,Manual,Mileage20.0 kmpl,Engine1399 CC,Max Power68 bhp,Torque160Nm@ 2000rpm,Wheel SizeN/A,Seats5,,,
399,2010Ford Figo 1.2P Titanium MT,Ford,2.75 Lakh*,2010,Dealer,"52,000 kms",First Owner,Petrol,Manual,Mileage18.16 kmpl,Engine1196 CC,Max Power86.8 bhp,Torque112Nm@ 4000rpm,Wheel SizeN/A,Seats5,,,
400,2018Ford Freestyle Titanium Plus Diesel,Ford,8.25 Lakh*,2018,Dealer,"29,000 kms",First Owner,Diesel,Manual,Mileage23.8 kmpl,Engine1498 CC,Max Power98.63 bhp,Torque215Nm@ 1750-3000rpm,Wheel SizeN/A,Seats5,,,
401,2018Ford Endeavour 3.2 Titanium AT 4X4,Ford,33.5 Lakh*,2018,Dealer,"27,000 kms",First Owner,Diesel,Automatic,Mileage10.91 kmpl,Engine3198 CC,Max Power197 bhp,Torque470Nm@ 1750-2500rpm,Wheel SizeN/A,Seats7,,,
402,2013Ford Fiesta Diesel Titanium Plus,Ford,2.5 Lakh*,2013,Dealer,"1,25,454 kms",First Owner,Diesel,Manual,Mileage23.5 kmpl,Engine1498 CC,Max Power88.7 bhp,Torque204Nm@ 2000-2750rpm,Wheel SizeN/A,Seats5,,,
403,2017Ford EcoSport 1.5 Diesel Titanium BSIV,Ford,9.25 Lakh*,2017,Dealer,"26,000 kms",First Owner,Diesel,Manual,Mileage23.0 kmpl,Engine1498 CC,Max Power98.96 bhp,Torque205Nm@ 1750-3250rpm,Wheel SizeN/A,Seats5,,,
404,2006Ford Ikon 1.3 Flair,Ford,1.35 Lakh*,2006,Dealer,"63,000 kms",Second Owner,Petrol,Manual,Mileage13.8 kmpl,Engine1299 CC,Max Power70 bhp,"Torque10.7@ 2,500(kgm@ rpm)",Wheel Size13 x 5 1/2 JJ,Seats5,,,
405,2016Ford Mustang V8,Ford,64 Lakh*,2016,Dealer,"24,000 kms",First Owner,Petrol,Automatic,Mileage13.0 kmpl,Engine4951 CC,Max Power395 bhp,Torque515Nm@ 4250+-50rpm,Wheel SizeN/A,Seats4,,,
406,2006Ford Fiesta 1.6 ZXI Duratec,Ford,1.85 Lakh*,2006,Dealer,"1,19,166 kms",Second Owner,Petrol,Manual,Mileage15.3 kmpl,Engine1596 CC,Max Power101 bhp,"Torque14.9@ 3,400(kgm@ rpm)",Wheel SizeN/A,Seats5,,,
407,2013Ford Fiesta Titanium 1.5 TDCi,Ford,4.09 Lakh*,2013,Dealer,"78,000 kms",First Owner,Diesel,Manual,Mileage23.5 kmpl,Engine1498 CC,Max Power90 bhp,Torque204Nm@ 2000-2750rpm,Wheel SizeN/A,Seats5,,,
408,2011Ford Fiesta Classic 1.6 Duratec CLXI,Ford,4.13 Lakh*,2011,Dealer,"77,000 kms",First Owner,Petrol,Manual,Mileage15.3 kmpl,Engine1596 CC,Max Power99.6 bhp,Torque146Nm@ 3400rpm,Wheel SizeN/A,Seats5,,,
409,2013Ford Endeavour 2.5L 4X2,Ford,11.5 Lakh*,2013,Dealer,"90,000 kms",First Owner,Diesel,Manual,Mileage13.1 kmpl,Engine2499 CC,Max Power141 bhp,Torque330Nm@ 1800rpm,Wheel SizeN/A,Seats7,,,
410,2016Ford Ecosport 1.5 Ti VCT AT Titanium,Ford,8.5 Lakh*,2016,Dealer,"61,000 kms",First Owner,Petrol,Automatic,Mileage16.5 kmpl,Engine1499 CC,Max Power110 bhp,Torque140Nm@ 4400rpm,Wheel SizeN/A,Seats5,,,
411,2014Ford Endeavour 3.0L 4X4 AT,Ford,12.65 Lakh*,2014,Dealer,"74,000 kms",First Owner,Diesel,Automatic,Mileage11.4 kmpl,Engine2953 CC,Max Power153.86 bhp,Torque380Nm@ 2500rpm,Wheel SizeN/A,Seats7,,,
412,2012Ford Figo Diesel Titanium,Ford,3.45 Lakh*,2012,Dealer,"65,639 kms",Second Owner,Diesel,Manual,Variant -  Diesel Titanium,Mileage20.0 kmpl,Engine1399 CC,Max Power68.05 bhp,Torque160Nm@ 2000rpm,Wheel SizeN/A,Seats5,,
413,2013Ford Ecosport 1.5 Diesel Titanium,Ford,6.15 Lakh*,2013,Dealer,"68,000 kms",Second Owner,Diesel,Manual,Mileage21.7 kmpl,Engine1498 CC,Max Power98.96 bhp,Torque215Nm@ 1750-2500rpm,Wheel SizeN/A,Seats5,,,
414,2015Ford Figo 1.5D Ambiente MT,Ford,4.9 Lakh*,2015,Dealer,"93,000 kms",Second Owner,Diesel,Manual,Mileage25.83 kmpl,Engine1498 CC,Max Power99 bhp,Torque215Nm@ 1750-3000rpm,Wheel Size14,Seats5,,,
415,2013Ford Endeavour 2.5L 4X2 MT,Ford,11 Lakh*,2013,Dealer,"90,001 kms",Second Owner,Diesel,Manual,Mileage13.1 kmpl,Engine2499 CC,Max Power141 bhp,Torque330Nm@ 1800rpm,Wheel SizeN/A,Seats7,,,
416,2018Ford EcoSport 1.5 Petrol Titanium BSIV,Ford,9.5 Lakh*,2018,Individual,"23,000 kms",First Owner,Petrol,Manual,Variant - Ford EcoSport 1.5 Petrol Titanium BSIV,Mileage17.0 kmpl,Engine1497 CC,Max Power121.31 bhp,Torque150Nm@ 4500rpm,Wheel SizeN/A,Seats5,,
417,2016Ford EcoSport 1.5 TDCi Titanium Plus BSIV,Ford,9 Lakh*,2016,Individual,"20,000 kms",First Owner,Diesel,Manual,Mileage22.77 kmpl,Engine1498 CC,Max Power98.59 bhp,Torque205Nm@ 1750-3250rpm,Wheel SizeN/A,Seats5,,,
418,2017Ford Endeavour 3.2 Titanium AT 4X4,Ford,29 Lakh*,2017,Dealer,"24,000 kms",Second Owner,Diesel,Automatic,Mileage10.91 kmpl,Engine3198 CC,Max Power197 bhp,Torque470Nm@ 1750-2500rpm,Wheel SizeN/A,Seats7,,,
419,2010Ford Figo Petrol ZXI,Ford,2.38 Lakh*,2010,Individual,"51,300 kms",First Owner,Petrol,Manual,Mileage15.6 kmpl,Engine1196 CC,Max Power70 bhp,Torque102Nm@ 4000rpm,Wheel SizeN/A,Seats5,,,
420,2015Ford EcoSport 1.5 TDCi Titanium BSIV,Ford,7 Lakh*,2015,Individual,"90,000 kms",First Owner,Diesel,Manual,Mileage22.77 kmpl,Engine1498 CC,Max Power98.59 bhp,Torque205Nm@ 1750-3250rpm,Wheel SizeN/A,Seats5,,,
421,2015Ford EcoSport 1.5 TDCi Ambiente BSIV,Ford,6 Lakh*,2015,Individual,"60,000 kms",Second Owner,Diesel,Manual,Variant - Ford EcoSport 1.5 TDCi Ambiente BSIV,Mileage22.77 kmpl,Engine1498 CC,Max Power98.59 bhp,Torque205Nm@ 1750-3250rpm,Wheel Size15,Seats5,,
422,2015Ford EcoSport 1.5 TDCi Titanium BSIV,Ford,7.3 Lakh*,2015,Individual,"70,000 kms",First Owner,Diesel,Manual,Mileage22.77 kmpl,Engine1498 CC,Max Power98.59 bhp,Torque205Nm@ 1750-3250rpm,Wheel SizeN/A,Seats5,,,
423,2012Ford Figo Diesel ZXI,Ford,3.37 Lakh*,2012,Individual,"54,300 kms",First Owner,Diesel,Manual,Mileage20.0 kmpl,Engine1399 CC,Max Power68 bhp,Torque160Nm@ 2000rpm,Wheel SizeN/A,Seats5,,,
424,2016Ford EcoSport 1.5 TDCi Trend Plus BSIV,Ford,6.8 Lakh*,2016,Individual,"50,000 kms",First Owner,Diesel,Manual,Mileage22.77 kmpl,Engine1498 CC,Max Power98.59 bhp,Torque205Nm@ 1750-3250rpm,Wheel Size15,Seats5,,,
425,2015Ford EcoSport 1.5 TDCi Trend BSIV,Ford,7.2 Lakh*,2015,Individual,"70,000 kms",First Owner,Diesel,Manual,Mileage22.77 kmpl,Engine1498 CC,Max Power98.59 bhp,Torque205Nm@ 1750-3250rpm,Wheel Size15,Seats5,,,
426,2010Ford Figo Petrol LXI,Ford,2.5 Lakh*,2010,Dealer,"23,000 kms",First Owner,Petrol,Manual,Mileage15.6 kmpl,Engine1196 CC,Max Power70 bhp,Torque102Nm@ 4000rpm,Wheel SizeN/A,Seats5,,,
427,2016Ford EcoSport 1.5 Ti VCT MT Trend BSIV,Ford,6.2 Lakh*,2016,Individual,"80,000 kms",Second Owner,Petrol,Manual,Mileage15.85 kmpl,Engine1499 CC,Max Power110.4 bhp,Torque140Nm@ 4400rpm,Wheel Size15,Seats5,,,
428,2012Ford Figo Diesel ZXI,Ford,3.25 Lakh*,2012,Individual,"70,000 kms",First Owner,Diesel,Manual,Mileage20.0 kmpl,Engine1399 CC,Max Power68 bhp,Torque160Nm@ 2000rpm,Wheel SizeN/A,Seats5,,,
429,2010Ford Figo Diesel Titanium,Ford,2.9 Lakh*,2010,Individual,"80,000 kms",Second Owner,Diesel,Manual,Mileage20.0 kmpl,Engine1399 CC,Max Power68 bhp,Torque160Nm@ 2000rpm,Wheel SizeN/A,Seats5,,,
430,2017Ford Endeavour 3.2 Titanium AT 4X4,Ford,29 Lakh*,2017,Individual,"33,000 kms",Second Owner,Diesel,Automatic,Mileage10.91 kmpl,Engine3198 CC,Max Power197 bhp,Torque470Nm@ 1750-2500rpm,Wheel SizeN/A,Seats7,,,
431,2014Ford Figo Diesel EXI,Ford,2.9 Lakh*,2014,Individual,"1,08,000 kms",First Owner,Diesel,Manual,Variant -  Diesel EXI,Mileage20.0 kmpl,Engine1399 CC,Max Power68.05 bhp,Torque160Nm@ 2000rpm,Wheel Size14,Seats5,,
432,2020Ford Freestyle Titanium,Ford,7 Lakh*,2020,Individual,"5,000 kms",First Owner,Petrol,Manual,Mileage18.5 kmpl,Engine1194 CC,Max Power95.67 bhp,Torque119@ 4250rpm,Wheel SizeN/A,Seats5,,,
433,2018Ford EcoSport 1.5 Diesel Titanium BSIV,Ford,9.8 Lakh*,2018,Dealer,"18,000 kms",First Owner,Diesel,Manual,Mileage23.0 kmpl,Engine1498 CC,Max Power98.96 bhp,Torque205Nm@ 1750-3250rpm,Wheel SizeN/A,Seats5,,,
434,2012Ford Fiesta Diesel Trend,Ford,3.5 Lakh*,2012,Individual,"70,000 kms",First Owner,Diesel,Manual,Mileage23.5 kmpl,Engine1498 CC,Max Power90 bhp,Torque204Nm@ 2000-2750rpm,Wheel SizeN/A,Seats5,,,
435,2015Ford Figo Diesel Titanium,Ford,4.38 Lakh*,2015,Individual,"30,000 kms",Third Owner,Diesel,Manual,Mileage20.0 kmpl,Engine1399 CC,Max Power68.05 bhp,Torque160Nm@ 2000rpm,Wheel SizeN/A,Seats5,,,
436,2012Ford Fiesta Classic 1.4 Duratorq CLXI,Ford,2.8 Lakh*,2012,Individual,"1,00,000 kms",First Owner,Diesel,Manual,Mileage17.8 kmpl,Engine1399 CC,Max Power67 bhp,Torque160Nm@ 2000rpm,Wheel SizeN/A,Seats5,,,
437,2012Ford Figo Diesel EXI,Ford,2 Lakh*,2012,Individual,"1,13,000 kms",Fourth & Above Owner,Diesel,Manual,Mileage20.0 kmpl,Engine1399 CC,Max Power68 bhp,Torque160Nm@ 2000rpm,Wheel Size14,Seats5,,,
438,2010Ford Figo Diesel Titanium,Ford,2.45 Lakh*,2010,Dealer,"94,000 kms",Second Owner,Diesel,Manual,Mileage20.0 kmpl,Engine1399 CC,Max Power68 bhp,Torque160Nm@ 2000rpm,Wheel SizeN/A,Seats5,,,
439,2016Ford Figo Aspire 1.5 TDCi Titanium,Ford,4.95 Lakh*,2016,Dealer,"69,782 kms",First Owner,Diesel,Manual,Car Details,Original RC,KM Reading,Mileage25.83 kmpl,Engine1498 CC,Max Power99 bhp,Torque215Nm@ 1750-3000rpm,Wheel SizeN/A,Seats5
440,2014Ford Endeavour 3.0L 4X2 AT,Ford,12.75 Lakh*,2014,Dealer,"73,000 kms",First Owner,Diesel,Automatic,Mileage11.4 kmpl,Engine2953 CC,Max Power153.86 bhp,Torque380Nm@ 2500rpm,Wheel SizeN/A,Seats7,,,
441,2004Ford Ikon 1.3 Flair,Ford,1.25 Lakh*,2004,Individual,"10,000 kms",Second Owner,Petrol,Manual,Mileage13.8 kmpl,Engine1299 CC,Max Power70 bhp,"Torque10.7@ 2,500(kgm@ rpm)",Wheel Size13 x 5 1/2 JJ,Seats5,,,
442,2018Ford EcoSport 1.5 Petrol Titanium BSIV,Ford,9.5 Lakh*,2018,Individual,"6,500 kms",First Owner,Petrol,Manual,Mileage17.0 kmpl,Engine1497 CC,Max Power121.31 bhp,Torque150Nm@ 4500rpm,Wheel SizeN/A,Seats5,,,
443,2015Ford EcoSport 1.5 TDCi Trend BSIV,Ford,6.5 Lakh*,2015,Individual,"35,000 kms",First Owner,Diesel,Manual,Mileage22.77 kmpl,Engine1498 CC,Max Power98.59 bhp,Torque205Nm@ 1750-3250rpm,Wheel Size15,Seats5,,,
444,2013Ford Fiesta Titanium 1.5 TDCi,Ford,4.35 Lakh*,2013,Dealer,"78,000 kms",First Owner,Diesel,Manual,Mileage23.5 kmpl,Engine1498 CC,Max Power90 bhp,Torque204Nm@ 2000-2750rpm,Wheel SizeN/A,Seats5,,,
